{"stats":{"minecraft:dropped":{"minecraft:dirt":1,"minecraft:netherite_sword":1,"minecraft:diamond_helmet":1,"sophisticatedbackpacks:copper_backpack":1,"twilightforest:ore_magnet":1,"minecraft:white_wool":1},"minecraft:killed":{"minecraft:sheep":2},"minecraft:crafted":{"minecraft:oak_planks":24},"minecraft:picked_up":{"minecraft:birch_log":1,"minecraft:stick":3,"minecraft:crafting_table":1,"minecraft:black_bed":1,"twilightforest:ore_magnet":1,"minecraft:torch":2,"minecraft:gravel":2,"aquamirae:three_bolt_helmet":1,"minecraft:oak_log":6,"minecraft:dirt":3,"minecraft:netherite_sword":1,"minecraft:diamond_helmet":1,"sophisticatedbackpacks:copper_backpack":2,"minecraft:sugar_cane":4,"minecraft:mutton":2,"minecraft:oak_planks":5,"minecraft:white_wool":2},"minecraft:used":{"minecraft:netherite_sword":2,"minecraft:diamond_boots":1,"minecraft:apple":3,"minecraft:oak_planks":14,"minecraft:gravel":2,"minecraft:sugar_cane":4,"minecraft:diamond_chestplate":1,"minecraft:white_wool":1,"minecraft:torch":1,"minecraft:dirt":2,"minecraft:mutton":2,"minecraft:birch_log":1,"minecraft:black_bed":1},"minecraft:custom":{"minecraft:time_since_rest":2385,"minecraft:sprint_one_cm":36325,"minecraft:walk_one_cm":47635,"minecraft:damage_taken":408,"minecraft:mob_kills":2,"minecraft:drop":6,"minecraft:damage_dealt":160,"minecraft:swim_one_cm":8800,"minecraft:fly_one_cm":41058,"minecraft:open_chest":27,"minecraft:crouch_one_cm":1505,"minecraft:play_time":18562,"minecraft:deaths":1,"minecraft:sneak_time":650,"minecraft:walk_under_water_one_cm":4063,"minecraft:jump":284,"minecraft:leave_game":1,"minecraft:sleep_in_bed":1,"minecraft:interact_with_blast_furnace":2,"minecraft:walk_on_water_one_cm":4655,"minecraft:time_since_death":2349,"minecraft:climb_one_cm":1328,"minecraft:total_world_time":18562,"minecraft:fall_one_cm":6609},"minecraft:mined":{"minecraft:birch_log":1,"minecraft:birch_leaves":4,"minecraft:black_bed":1,"minecraft:crafting_table":1,"minecraft:torch":1,"minecraft:oak_log":6,"minecraft:grass_block":3,"minecraft:gravel":2,"minecraft:oak_planks":5,"minecraft:sugar_cane":2,"minecraft:oak_leaves":8}},"DataVersion":3465}