{"stats":{"minecraft:used":{"twilightforest:ice_bow":7,"minecraft:spruce_slab":14,"minecraft:ladder":38,"minecraft:chest":11,"minecraft:stone":44,"lootr:trophy":1,"minecraft:rotten_flesh":5,"minecraft:soul_sand":3,"minecraft:lily_of_the_valley":1,"minecraft:snowball":50,"cataclysm:infernal_forge":32,"minecraft:packed_ice":23,"minecraft:birch_sapling":2,"twilightforest:twilight_oak_planks":18,"minecraft:bow":11,"minecraft:cooked_cod":79,"minecraft:furnace":5,"minecraft:potato":1,"minecraft:wooden_pickaxe":17,"artifacts:eternal_steak":435,"aquamirae:remnants_saber":104,"minecraft:golden_apple":29,"minecraft:sand":7,"minecraft:blast_furnace":2,"twilightforest:ironwood_pickaxe":89,"minecraft:soul_lantern":13,"minecraft:diamond_sword":497,"twilightforest:meef_stroganoff":1,"aquamirae:dagger_of_greed":100,"minecraft:stripped_acacia_wood":2,"minecraft:stone_sword":7,"minecraft:red_concrete":4,"minecraft:cooked_salmon":35,"minecraft:netherrack":128,"minecraft:torch":52,"minecraft:anvil":1,"aquamirae:terrible_sword":354,"minecraft:iron_axe":35,"minecraft:diamond_chestplate":1,"minecraft:magenta_wool":2,"minecraft:goat_horn":13,"minecraft:cobbled_deepslate":652,"minecraft:water_bucket":177,"minecraft:birch_planks":52,"minecraft:cherry_planks":1,"minecraft:diamond_block":1,"minecraft:tnt":8,"minecraft:oak_slab":49,"minecraft:crafting_table":24,"minecraft:white_bed":1,"minecraft:cod":6,"minecraft:spruce_log":2,"minecraft:oak_log":21,"minecraft:ender_eye":1,"minecraft:diamond_pickaxe":940,"minecraft:iron_pickaxe":1204,"minecraft:suspicious_stew":6,"twilightforest:nagastone_head":1,"minecraft:magenta_concrete_powder":3,"minecraft:spruce_sapling":15,"minecraft:cobblestone":367,"minecraft:potion":15,"minecraft:cooked_porkchop":27,"minecraft:diamond_leggings":6,"aquamirae:three_bolt_helmet":1,"minecraft:cherry_sapling":2,"minecraft:iron_shovel":163,"minecraft:bone_block":6,"minecraft:shield":262,"twilightforest:knightmetal_sword":142,"minecraft:iron_sword":1088,"minecraft:player_head":1,"minecraft:smooth_sandstone_stairs":2,"minecraft:iron_chestplate":1,"paraglider:goddess_statue":1,"minecraft:nether_bricks":1,"minecraft:jungle_planks":8,"minecraft:carrot":24,"minecraft:tuff":122,"minecraft:honey_bottle":2,"twilightforest:seeker_bow":32,"minecraft:iron_helmet":1,"minecraft:golden_sword":45,"minecraft:written_book":8,"minecraft:gold_block":1,"twilightforest:naga_trophy":4,"minecraft:diamond_boots":4,"minecraft:stone_pickaxe":43,"minecraft:oak_planks":101,"minecraft:ender_pearl":2,"minecraft:mushroom_stew":2,"minecraft:crossbow":162,"minecraft:black_bed":3,"minecraft:lever":1,"minecraft:bread":73,"minecraft:string":3,"minecraft:grindstone":1,"minecraft:cobweb":2,"minecraft:experience_bottle":3,"minecraft:netherite_sword":9,"minecraft:trident":1,"aquamirae:sea_stew":4,"minecraft:flint_and_steel":32,"minecraft:spruce_planks":69,"minecraft:cooked_chicken":10,"minecraft:oak_door":2,"minecraft:dirt":598,"minecraft:cobblestone_wall":14,"minecraft:diamond_helmet":3,"minecraft:spruce_fence":35,"minecraft:purple_banner":2,"minecraft:wooden_axe":28,"minecraft:oak_stairs":35,"minecraft:smooth_sandstone":1,"minecraft:iron_boots":1,"aquamirae:spinefish":1,"minecraft:golden_carrot":13,"minecraft:cooked_beef":15,"minecraft:enchanted_golden_apple":3,"cataclysm:remnant_skull":1,"minecraft:iron_leggings":1,"minecraft:cooked_mutton":9,"minecraft:red_nether_bricks":1,"minecraft:baked_potato":24,"minecraft:blue_wool":2,"twilightforest:naga_chestplate":1,"twilightforest:magic_map":1,"minecraft:black_wool":1,"minecraft:apple":17,"minecraft:magenta_concrete":7,"minecraft:stone_axe":199,"minecraft:fishing_rod":4,"minecraft:end_crystal":4,"minecraft:white_banner":1,"minecraft:turtle_helmet":1,"minecraft:bucket":180,"minecraft:pumpkin_pie":60,"minecraft:gray_wool":1,"minecraft:splash_potion":34,"minecraft:soul_torch":1},"minecraft:custom":{"minecraft:interact_with_crafting_table":96,"minecraft:open_barrel":19,"minecraft:leave_game":46,"minecraft:time_since_death":3463,"minecraft:damage_blocked_by_shield":18648,"minecraft:play_time":1564853,"minecraft:deaths":42,"minecraft:jump":28001,"minecraft:interact_with_furnace":96,"minecraft:interact_with_cartography_table":2,"minecraft:sleep_in_bed":10,"minecraft:damage_dealt":109807,"minecraft:interact_with_smithing_table":12,"minecraft:interact_with_anvil":3,"minecraft:inspect_hopper":1,"twilightforest:keeping_charms_activated":3,"minecraft:damage_dealt_absorbed":591,"minecraft:sneak_time":122772,"minecraft:interact_with_blast_furnace":9,"minecraft:total_world_time":1564853,"minecraft:interact_with_stonecutter":1,"minecraft:time_since_rest":3515,"twilightforest:life_charms_activated":3,"minecraft:swim_one_cm":580742,"minecraft:fly_one_cm":6006110,"minecraft:open_chest":414,"minecraft:fish_caught":2,"minecraft:fall_one_cm":596945,"lootr:looted_stat":419,"minecraft:damage_resisted":1795,"minecraft:sprint_one_cm":2286293,"minecraft:drop":672,"minecraft:talked_to_villager":1,"minecraft:walk_on_water_one_cm":372106,"minecraft:player_kills":2,"minecraft:crouch_one_cm":463096,"minecraft:mob_kills":487,"minecraft:damage_dealt_resisted":284,"minecraft:climb_one_cm":61086,"minecraft:walk_one_cm":3339055,"minecraft:walk_under_water_one_cm":345175,"minecraft:interact_with_grindstone":4,"minecraft:damage_taken":100751,"minecraft:damage_absorbed":1746},"minecraft:killed_by":{"minecraft:pillager":1,"minecraft:zombie":1,"minecraft:vex":2,"minecraft:ender_dragon":1,"minecraft:wither_skeleton":1,"aquamirae:captain_cornelia":1,"minecraft:blaze":1,"minecraft:player":9,"minecraft:hoglin":3,"minecraft:skeleton":15,"cataclysm:ancient_remnant":3},"minecraft:killed":{"minecraft:cave_spider":15,"twilightforest:maze_slime":12,"twilightforest:lich_minion":1,"minecraft:skeleton":76,"twilightforest:pinch_beetle":1,"minecraft:tropical_fish":5,"minecraft:cat":28,"minecraft:magma_cube":9,"twilightforest:unstable_ice_core":1,"minecraft:ender_dragon":1,"minecraft:pillager":15,"irons_spellbooks:summoned_vex":4,"minecraft:zombie":88,"cataclysm:deepling":4,"minecraft:glow_squid":1,"minecraft:cow":2,"twilightforest:winter_wolf":16,"minecraft:evoker":1,"minecraft:vindicator":7,"twilightforest:death_tome":3,"cataclysm:koboleton":9,"cataclysm:deepling_angler":2,"twilightforest:snow_guardian":3,"minecraft:husk":4,"cataclysm:the_watcher":1,"twilightforest:kobold":2,"cataclysm:coralssus":2,"minecraft:enderman":8,"minecraft:witch":5,"minecraft:spider":13,"aquamirae:tortured_soul":1,"twilightforest:snow_queen":1,"minecraft:silverfish":3,"minecraft:turtle":1,"irons_spellbooks:summoned_skeleton":2,"twilightforest:minotaur":2,"twilightforest:slime_beetle":12,"minecraft:pig":1,"irons_spellbooks:dead_king":1,"minecraft:zombie_villager":1,"aquamirae:captain_cornelia":1,"irons_spellbooks:necromancer":2,"minecraft:creeper":11,"twilightforest:skeleton_druid":1,"minecraft:sheep":3,"twilightforest:redcap":6,"cataclysm:deepling_brute":1,"minecraft:blaze":1,"minecraft:vex":2,"irons_spellbooks:summoned_zombie":7,"minecraft:phantom":1,"twilightforest:fire_beetle":1,"minecraft:drowned":14,"aquamirae:maw":3,"endertrigon:baby_ender_dragon":3,"minecraft:bat":4,"minecraft:hoglin":12,"aquamirae:anglerfish":1,"cataclysm:deepling_priest":2,"minecraft:wither_skeleton":12,"twilightforest:yeti":14},"minecraft:dropped":{"twilightforest:nagastone":2,"minecraft:iron_sword":4,"minecraft:porkchop":2,"minecraft:glass_bottle":30,"minecraft:diamond":8,"minecraft:crafting_table":3,"cataclysm:sandstone_ignite_trap":4,"minecraft:crossbow":1,"minecraft:cracked_stone_bricks":2,"twilightforest:maze_wafer":9,"minecraft:cut_sandstone_slab":3,"minecraft:leather_helmet":3,"minecraft:red_mushroom":1,"minecraft:red_carpet":14,"minecraft:emerald":1,"minecraft:dirt":191,"minecraft:gray_concrete":3,"twilightforest:aurora_block":1,"twilightforest:twilight_oak_leaves":44,"minecraft:chain":5,"minecraft:wooden_sword":3,"minecraft:gold_nugget":5,"minecraft:sunflower":1,"minecraft:sand":17,"minecraft:iron_pickaxe":5,"minecraft:dark_oak_planks":2,"iammusicplayer:parabolic_antenna":3,"minecraft:fishing_rod":1,"minecraft:white_wool":1,"minecraft:cyan_carpet":2,"twilightforest:steeleaf_chestplate":1,"minecraft:bone":23,"twilightforest:ice_bow":1,"minecraft:goat_horn":1,"minecraft:sugar_cane":5,"minecraft:iron_nugget":6,"minecraft:golden_chestplate":4,"minecraft:cobbled_deepslate":63,"aquamirae:dagger_of_greed":1,"minecraft:birch_sapling":34,"minecraft:netherite_sword":1,"minecraft:wheat":2,"minecraft:obsidian":2,"cataclysm:crystallized_coral_fragments":1,"minecraft:rotten_flesh":162,"minecraft:oak_planks":187,"minecraft:enchanted_golden_apple":4,"irons_spellbooks:blood_staff":1,"minecraft:tipped_arrow":1,"artifacts:umbrella":3,"minecraft:leather_boots":4,"minecraft:ladder":3,"minecraft:leather_leggings":4,"minecraft:painting":1,"minecraft:spruce_slab":1,"minecraft:red_nether_bricks":4,"cataclysm:infernal_forge":1,"aquamirae:sharp_bones":39,"minecraft:enchanted_book":1,"minecraft:golden_boots":1,"minecraft:iron_ingot":8,"twilightforest:charm_of_keeping_1":2,"minecraft:wheat_seeds":10,"minecraft:tnt":1,"minecraft:golden_horse_armor":6,"cataclysm:athame":2,"minecraft:oak_fence":1,"minecraft:feather":3,"minecraft:iron_helmet":1,"minecraft:cobblestone":750,"minecraft:book":1,"obscure_api:astral_dust":1,"artifacts:whoopee_cushion":2,"minecraft:granite":21,"twilightforest:naga_chestplate":1,"minecraft:yellow_carpet":22,"minecraft:coal":1,"minecraft:polished_andesite":13,"minecraft:jungle_slab":2,"minecraft:rose_bush":4,"minecraft:wooden_axe":5,"minecraft:cherry_planks":1,"minecraft:diamond_helmet":2,"minecraft:golden_hoe":2,"aquamirae:frozen_key":1,"minecraft:string":34,"minecraft:smooth_sandstone":31,"minecraft:spruce_sapling":2,"cataclysm:khopesh":2,"minecraft:player_head":1,"minecraft:stone_sword":2,"aquamirae:terrible_sword":2,"minecraft:cobblestone_wall":1,"minecraft:bowl":18,"twilightforest:dark_fence":1,"minecraft:chicken":2,"minecraft:polished_deepslate_slab":1,"iammusicplayer:radio_antenna":2,"minecraft:iron_boots":4,"sophisticatedbackpacks:backpack":3,"minecraft:light_gray_concrete":72,"minecraft:orange_wool":1,"minecraft:spruce_fence":7,"minecraft:shears":2,"minecraft:suspicious_stew":1,"minecraft:diamond_sword":3,"minecraft:potato":1,"minecraft:cyan_wool":2,"cataclysm:tidal_claws":1,"minecraft:spruce_trapdoor":1,"minecraft:spruce_planks":67,"minecraft:diamond_pickaxe":1,"irons_spellbooks:mana_ring":2,"aquamirae:remnants_saber":1,"twilightforest:arctic_fur":8,"artifacts:eternal_steak":4,"minecraft:redstone_torch":4,"minecraft:spider_eye":8,"irons_spellbooks:necronomicon_spell_book":1,"minecraft:stone_bricks":18,"minecraft:bamboo":3,"aquamirae:pirate_pouch":1,"minecraft:blue_orchid":6,"minecraft:bow":3,"minecraft:red_tulip":1,"twilightforest:raw_meef":4,"minecraft:terracotta":1,"minecraft:moss_block":22,"minecraft:birch_planks":75,"minecraft:lantern":1,"minecraft:leather":16,"minecraft:jungle_planks":2,"minecraft:iron_horse_armor":1,"twilightforest:naga_scale":12,"artifacts:flippers":1,"twilightforest:ore_magnet":1,"minecraft:birch_slab":7,"minecraft:cobblestone_stairs":1,"paraglider:spirit_orb":13,"minecraft:cod":2,"minecraft:flint":8,"minecraft:cyan_terracotta":3,"aquamirae:three_bolt_helmet":1,"minecraft:redstone_lamp":9,"minecraft:packed_ice":8,"twilightforest:arctic_leggings":1,"minecraft:snowball":154,"paraglider:paraglider":1,"minecraft:gold_ingot":1,"minecraft:gravel":18,"irons_spellbooks:diamond_spell_book":1,"minecraft:pointed_dripstone":2,"twilightforest:steeleaf_leggings":1,"twilightforest:torchberries":5,"minecraft:sandstone_wall":2,"minecraft:poppy":10,"minecraft:leather_chestplate":7,"minecraft:gunpowder":9,"irons_spellbooks:conjurers_talisman":1,"minecraft:spruce_wood":1,"minecraft:chest":2,"minecraft:iron_bars":5,"minecraft:arrow":8,"minecraft:cyan_concrete":3,"minecraft:quartz":35,"minecraft:netherrack":34,"minecraft:bread":14,"minecraft:stripped_spruce_log":2,"twilightforest:firefly_jar":1,"minecraft:lilac":1,"minecraft:mossy_cobblestone":1,"minecraft:smithing_table":1,"twilightforest:filled_magic_map":1,"minecraft:diamond_leggings":2,"twilightforest:nagastone_head":1,"minecraft:copper_ingot":11,"twilightforest:twilight_oak_sapling":1,"minecraft:tropical_fish":5,"minecraft:spruce_stairs":3,"minecraft:stick":11,"minecraft:mossy_cobblestone_slab":2,"minecraft:diorite":19,"minecraft:torch":13,"minecraft:smooth_quartz":81,"minecraft:brown_wool":2,"minecraft:iron_leggings":3,"minecraft:polished_andesite_stairs":1,"minecraft:iron_axe":1,"minecraft:polished_basalt":3,"minecraft:bucket":1,"minecraft:dandelion":2,"minecraft:redstone":14,"minecraft:red_concrete":1,"minecraft:coarse_dirt":1,"minecraft:chiseled_quartz_block":9,"minecraft:raw_copper":19,"cataclysm:koboleton_bone":32,"minecraft:tuff":5,"minecraft:raw_iron":1,"twilightforest:ironwood_pickaxe":7,"minecraft:filled_map":2,"minecraft:bamboo_stairs":4,"minecraft:shield":1,"minecraft:diamond_chestplate":1,"minecraft:orange_terracotta":4,"twilightforest:arctic_chestplate":1,"aquamirae:oxygen_tank":1,"minecraft:iron_chestplate":4,"minecraft:andesite":25,"minecraft:quartz_stairs":3,"artifacts:pocket_piston":3,"minecraft:oak_sapling":10,"minecraft:golden_sword":2,"minecraft:spruce_log":2,"minecraft:diamond_boots":2,"minecraft:slime_ball":2,"minecraft:stone_pickaxe":1,"minecraft:wooden_pickaxe":3,"minecraft:dead_brain_coral_block":1,"minecraft:nautilus_shell":1},"minecraft:mined":{"minecraft:dark_oak_planks":1,"minecraft:white_bed":2,"minecraft:red_nether_bricks":3,"minecraft:obsidian":1,"minecraft:blue_wool":1,"minecraft:nether_wart":2,"minecraft:spawner":26,"minecraft:mossy_cobblestone_stairs":1,"minecraft:cobbled_deepslate":41,"minecraft:fire":46,"minecraft:deepslate_lapis_ore":6,"minecraft:cave_vines":1,"minecraft:dirt_path":2,"minecraft:oak_stairs":11,"minecraft:light_gray_concrete":55,"minecraft:smooth_sandstone_stairs":3,"minecraft:spruce_wood":3,"minecraft:player_head":2,"minecraft:torch":7,"minecraft:blast_furnace":3,"minecraft:dead_bush":3,"minecraft:sugar_cane":5,"minecraft:smooth_sandstone_slab":2,"minecraft:chain":1,"minecraft:lilac":1,"minecraft:black_bed":1,"minecraft:stone_brick_stairs":1,"minecraft:grass":58,"minecraft:smooth_quartz":63,"minecraft:sandstone_wall":3,"minecraft:deepslate":811,"minecraft:light_gray_stained_glass_pane":1,"minecraft:light_blue_wool":1,"minecraft:mossy_cobblestone":2,"minecraft:nether_bricks":1,"minecraft:spruce_fence":9,"minecraft:jungle_planks":4,"minecraft:magenta_concrete":11,"minecraft:kelp":1,"minecraft:red_mushroom":1,"minecraft:black_stained_glass_pane":1,"minecraft:redstone_ore":37,"twilightforest:dark_fence":1,"minecraft:snow":3,"minecraft:andesite":17,"twilightforest:twilight_oak_leaves":5,"minecraft:diamond_block":3,"minecraft:magenta_concrete_powder":3,"minecraft:bone_block":6,"minecraft:white_wool":1,"minecraft:smithing_table":1,"minecraft:oak_slab":38,"minecraft:gray_concrete":3,"minecraft:cherry_planks":7,"minecraft:soul_sand":63,"minecraft:dandelion":2,"minecraft:smooth_sandstone":49,"minecraft:emerald_ore":3,"minecraft:copper_ore":5,"minecraft:tall_grass":9,"twilightforest:nagastone":2,"minecraft:deepslate_gold_ore":6,"minecraft:diorite":14,"minecraft:coarse_dirt":2,"minecraft:cobblestone_wall":3,"minecraft:spruce_log":132,"minecraft:birch_leaves":18,"minecraft:sunflower":1,"minecraft:gravel":21,"minecraft:cobweb":1,"minecraft:stone_bricks":2,"minecraft:spruce_planks":63,"minecraft:cobblestone_stairs":1,"paraglider:rito_goddess_statue":1,"minecraft:brewing_stand":1,"minecraft:grass_block":371,"aquamirae:golden_moth_in_a_jar":1,"minecraft:mossy_cobblestone_slab":2,"minecraft:iron_ore":12,"minecraft:red_tulip":1,"twilightforest:naga_wall_trophy":3,"minecraft:iron_bars":4,"minecraft:end_stone_bricks":2,"minecraft:spruce_slab":10,"minecraft:deepslate_redstone_ore":14,"minecraft:cyan_terracotta":4,"minecraft:bamboo_stairs":4,"minecraft:orange_terracotta":4,"minecraft:purpur_stairs":1,"minecraft:soul_lantern":5,"minecraft:chiseled_quartz_block":17,"minecraft:poppy":10,"minecraft:chest":1,"twilightforest:twilight_oak_log":6,"minecraft:mushroom_stem":2,"minecraft:nether_quartz_ore":19,"minecraft:cobblestone":73,"minecraft:oak_planks":49,"minecraft:wall_torch":13,"lootr:trophy":1,"minecraft:birch_log":77,"minecraft:tnt":6,"minecraft:oak_log":126,"minecraft:dirt":290,"minecraft:sand":12,"minecraft:netherrack":161,"minecraft:magenta_wool":2,"minecraft:oak_leaves":63,"minecraft:emerald_block":1,"minecraft:diamond_ore":9,"minecraft:tuff":100,"minecraft:red_carpet":2,"minecraft:quartz_stairs":3,"minecraft:deepslate_diamond_ore":2,"minecraft:red_stained_glass":1,"minecraft:ladder":2,"minecraft:purple_terracotta":5,"minecraft:spruce_leaves":137,"minecraft:birch_slab":5,"twilightforest:nagastone_head":2,"minecraft:hay_block":11,"minecraft:spruce_sapling":2,"minecraft:furnace":3,"minecraft:polished_basalt":4,"minecraft:gold_block":6,"twilightforest:firefly_jar":1,"minecraft:deepslate_iron_ore":3,"minecraft:packed_ice":84,"minecraft:stone":209,"minecraft:redstone_wall_torch":1,"minecraft:acacia_leaves":1,"minecraft:infested_stone_bricks":2,"minecraft:soul_torch":1,"minecraft:oak_fence":1,"minecraft:crafting_table":22,"minecraft:cyan_stained_glass_pane":3,"minecraft:purple_wall_banner":3,"minecraft:rose_bush":2,"minecraft:lapis_ore":218,"minecraft:red_concrete":5,"twilightforest:mayapple":1,"minecraft:spruce_stairs":3,"minecraft:gray_wool":5,"minecraft:birch_planks":14,"minecraft:ice":4,"twilightforest:aurora_block":2,"minecraft:black_wool":1,"minecraft:dead_brain_coral_block":2,"minecraft:coal_ore":185,"minecraft:cherry_leaves":1,"minecraft:cyan_carpet":5,"minecraft:stripped_acacia_wood":2,"minecraft:polished_andesite":1,"minecraft:mossy_stone_bricks":1,"paraglider:goddess_statue":1},"minecraft:picked_up":{"minecraft:wooden_axe":6,"minecraft:iron_chestplate":13,"irons_spellbooks:rotten_spell_book":4,"minecraft:suspicious_stew":1,"minecraft:smithing_table":3,"twilightforest:naga_trophy":3,"minecraft:diamond_sword":12,"minecraft:oak_stairs":10,"minecraft:wither_rose":7,"minecraft:enchanted_book":31,"minecraft:brewing_stand":7,"minecraft:golden_sword":1,"paraglider:goddess_statue":1,"minecraft:string":54,"minecraft:cooked_salmon":19,"minecraft:red_nether_bricks":6,"minecraft:pufferfish":1,"minecraft:shroomlight":1,"minecraft:diamond_leggings":29,"minecraft:gold_nugget":153,"obscure_api:astral_dust":1,"minecraft:cobbled_deepslate":1229,"minecraft:spruce_planks":128,"minecraft:written_book":3,"minecraft:enchanted_golden_apple":6,"minecraft:magenta_concrete_powder":8,"minecraft:sandstone_wall":2,"cataclysm:music_disc_ancient_remnant":1,"aquamirae:esca":1,"minecraft:golden_chestplate":3,"minecraft:stone_sword":5,"minecraft:honey_bottle":1,"minecraft:vex_armor_trim_smithing_template":6,"minecraft:polished_basalt":5,"minecraft:red_tulip":1,"minecraft:cyan_terracotta":4,"twilightforest:seeker_bow":4,"minecraft:netherite_chestplate":6,"minecraft:blaze_rod":2,"minecraft:iron_bars":5,"minecraft:snowball":252,"minecraft:birch_log":77,"minecraft:dune_armor_trim_smithing_template":4,"minecraft:mossy_cobblestone_slab":2,"minecraft:feather":7,"twilightforest:aurora_block":2,"minecraft:birch_slab":8,"minecraft:water_bucket":16,"twilightforest:ironwood_pickaxe":11,"minecraft:brown_wool":4,"twilightforest:ore_magnet":16,"artifacts:thorn_pendant":2,"minecraft:flint":6,"minecraft:gray_concrete":4,"minecraft:lantern":1,"lootr:trophy":1,"artifacts:flippers":2,"aquamirae:fin":5,"artifacts:shock_pendant":1,"cataclysm:koboleton_bone":32,"irons_spellbooks:iron_spell_book":2,"iammusicplayer:radio_antenna":1,"minecraft:diamond_helmet":21,"minecraft:moss_block":11,"aquamirae:terrible_sword":26,"aquamirae:oxygen_tank":1,"minecraft:stripped_acacia_wood":2,"minecraft:stripped_spruce_log":2,"endertrigon:baby_dragon_egg":1,"sophisticatedbackpacks:iron_backpack":10,"minecraft:ink_sac":12,"twilightforest:naga_chestplate":13,"minecraft:fermented_spider_eye":2,"alexsmobs:animal_dictionary":1,"minecraft:polished_andesite":13,"twilightforest:charm_of_keeping_1":4,"aquamirae:rune_of_the_storm":3,"minecraft:lever":1,"minecraft:dead_brain_coral_block":1,"twilightforest:alpha_yeti_fur":7,"minecraft:granite":21,"minecraft:chainmail_helmet":3,"minecraft:golden_horse_armor":5,"minecraft:bread":79,"minecraft:diamond_pickaxe":10,"sophisticatedbackpacks:gold_backpack":6,"minecraft:crafting_table":31,"minecraft:coarse_dirt":1,"minecraft:nether_wart":6,"minecraft:leather_leggings":1,"aquamirae:sharp_bones":59,"irons_spellbooks:diamond_spell_book":1,"minecraft:flint_and_steel":6,"minecraft:iron_shovel":3,"minecraft:cracked_stone_bricks":2,"minecraft:netherite_sword":7,"aquamirae:dead_sea_scroll":6,"minecraft:beef":8,"twilightforest:ice_bomb":8,"minecraft:cyan_wool":2,"minecraft:iron_nugget":458,"minecraft:poppy":10,"minecraft:spruce_slab":10,"irons_spellbooks:emerald_stoneplate_ring":1,"aquamirae:remnants_saber":1,"minecraft:quartz_stairs":3,"minecraft:chest":3,"minecraft:birch_sapling":36,"minecraft:diamond_hoe":10,"minecraft:polished_deepslate_slab":1,"twilightforest:red_thread":54,"sophisticatedbackpacks:backpack":2,"minecraft:spruce_fence":27,"minecraft:carrot":13,"minecraft:redstone":235,"twilightforest:firefly":9,"minecraft:tnt":9,"artifacts:everlasting_beef":5,"minecraft:diamond_chestplate":14,"minecraft:cooked_cod":11,"aquamirae:sea_stew":2,"minecraft:shears":2,"minecraft:diamond_boots":18,"minecraft:hay_block":11,"artifacts:pocket_piston":4,"aquamirae:treasure_pouch":10,"minecraft:gold_ingot":136,"minecraft:totem_of_undying":2,"sophisticatedbackpacks:copper_backpack":2,"minecraft:mutton":13,"minecraft:white_wool":3,"minecraft:bone_block":6,"minecraft:bamboo_stairs":4,"aquamirae:spinefish":6,"minecraft:red_mushroom":1,"minecraft:filled_map":2,"minecraft:oak_log":179,"twilightforest:twilight_oak_leaves":44,"minecraft:paper":6,"minecraft:white_banner":2,"minecraft:apple":2,"minecraft:stone_bricks":18,"minecraft:stone_pickaxe":1,"minecraft:cobweb":6,"minecraft:glass_bottle":22,"minecraft:iron_sword":15,"minecraft:polished_andesite_stairs":1,"aquamirae:ship_graveyard_echo":3,"minecraft:gravel":18,"minecraft:spruce_sapling":17,"minecraft:spruce_log":218,"minecraft:slime_ball":47,"minecraft:stone_axe":2,"minecraft:diamond_axe":7,"minecraft:painting":12,"minecraft:gray_wool":2,"minecraft:baked_potato":6,"minecraft:ender_pearl":14,"irons_spellbooks:scroll":8,"minecraft:wheat":93,"artifacts:umbrella":16,"minecraft:potion":18,"minecraft:gilded_blackstone":2,"minecraft:raw_copper":19,"minecraft:iron_leggings":3,"aquamirae:dagger_of_greed":1,"minecraft:purple_banner":8,"irons_spellbooks:arcane_essence":23,"minecraft:bucket":2,"minecraft:rose_bush":7,"minecraft:ender_eye":4,"minecraft:smooth_quartz":81,"minecraft:iron_pickaxe":19,"cataclysm:khopesh":2,"twilightforest:firefly_jar":1,"minecraft:iron_boots":5,"minecraft:furnace":6,"minecraft:blue_wool":4,"aquamirae:frozen_key":1,"minecraft:stick":41,"minecraft:oak_fence":1,"minecraft:torch":111,"minecraft:spruce_stairs":5,"minecraft:porkchop":64,"minecraft:pointed_dripstone":2,"minecraft:diorite":19,"minecraft:goat_horn":4,"minecraft:cactus":4,"minecraft:rotten_flesh":249,"cataclysm:athame":9,"alexsmobs:capsid":2,"twilightforest:dark_fence":1,"twilightforest:ice_bow":4,"minecraft:cobblestone":1024,"paraglider:paraglider":1,"minecraft:nautilus_shell":2,"minecraft:lilac":8,"minecraft:cherry_planks":4,"minecraft:magma_cream":12,"twilightforest:twilight_oak_log":22,"minecraft:andesite":25,"minecraft:black_bed":2,"minecraft:chiseled_quartz_block":9,"minecraft:potato":1,"aquamirae:three_bolt_helmet":4,"paraglider:spirit_orb":466,"minecraft:tuff":146,"minecraft:smooth_sandstone_stairs":2,"aquamirae:abyssal_amethyst":1,"minecraft:lapis_lazuli":1428,"minecraft:dirt":825,"minecraft:cut_sandstone_slab":3,"minecraft:name_tag":2,"minecraft:bone":234,"minecraft:bow":9,"minecraft:wheat_seeds":10,"minecraft:raw_gold":8,"minecraft:cyan_concrete":3,"minecraft:oak_planks":159,"minecraft:cooked_porkchop":26,"minecraft:music_disc_13":1,"minecraft:sand":21,"minecraft:jungle_planks":11,"minecraft:dead_bush":1,"minecraft:grass_block":6,"minecraft:diamond_block":5,"minecraft:jungle_slab":2,"minecraft:orange_wool":1,"minecraft:mossy_cobblestone":1,"artifacts:plastic_drinking_hat":4,"minecraft:light_gray_concrete":72,"minecraft:yellow_carpet":22,"cataclysm:tidal_claws":1,"twilightforest:twilight_oak_sapling":1,"minecraft:diamond":45,"minecraft:netherite_helmet":2,"minecraft:soul_lantern":5,"minecraft:crossbow":12,"minecraft:golden_apple":13,"minecraft:emerald":262,"twilightforest:arctic_fur":32,"cataclysm:sandstone_ignite_trap":4,"minecraft:piglin_banner_pattern":1,"minecraft:oak_sapling":10,"minecraft:netherrack":306,"twilightforest:torchberries":5,"minecraft:fishing_rod":4,"artifacts:night_vision_goggles":1,"minecraft:splash_potion":7,"minecraft:chicken":5,"minecraft:ladder":22,"irons_spellbooks:necronomicon_spell_book":2,"minecraft:turtle_helmet":3,"minecraft:packed_ice":57,"minecraft:wooden_pickaxe":4,"minecraft:gold_block":6,"minecraft:diamond_horse_armor":6,"twilightforest:nagastone":2,"minecraft:chain":3,"minecraft:shield":29,"minecraft:iron_axe":4,"minecraft:wooden_sword":3,"artifacts:feral_claws":4,"minecraft:magenta_wool":6,"minecraft:cyan_carpet":3,"minecraft:blue_orchid":24,"twilightforest:nagastone_head":2,"irons_spellbooks:epic_ink":1,"minecraft:player_head":3,"minecraft:light_gray_wool":1,"minecraft:sugar_cane":12,"minecraft:spruce_trapdoor":1,"minecraft:phantom_membrane":1,"minecraft:raw_iron":14,"minecraft:copper_ingot":2,"minecraft:bowl":6,"minecraft:trident":1,"minecraft:iron_horse_armor":2,"twilightforest:raw_meef":4,"minecraft:dark_oak_planks":2,"irons_spellbooks:mana_ring":2,"artifacts:snorkel":1,"minecraft:arrow":550,"minecraft:pumpkin_pie":155,"minecraft:golden_hoe":3,"minecraft:nether_bricks":1,"artifacts:cross_necklace":1,"minecraft:saddle":6,"minecraft:glistering_melon_slice":36,"minecraft:netherite_boots":8,"minecraft:air":0,"minecraft:golden_carrot":6,"artifacts:eternal_steak":24,"minecraft:glow_ink_sac":17,"minecraft:salmon":274,"minecraft:leather":25,"minecraft:birch_planks":382,"twilightforest:maze_wafer":5,"minecraft:chainmail_chestplate":4,"minecraft:cobblestone_wall":3,"minecraft:gunpowder":18,"minecraft:cobblestone_stairs":1,"minecraft:orange_terracotta":4,"minecraft:smooth_sandstone":34,"minecraft:red_carpet":23,"cataclysm:infernal_forge":7,"cataclysm:sandstorm_in_a_bottle":1,"minecraft:spruce_wood":3,"minecraft:iron_ingot":154,"artifacts:whoopee_cushion":2,"minecraft:cooked_chicken":5,"minecraft:soul_sand":69,"sophisticatedbackpacks:diamond_backpack":11,"minecraft:book":1,"minecraft:oak_slab":41,"minecraft:emerald_block":1,"minecraft:quartz":38,"minecraft:dandelion":2,"irons_spellbooks:blood_staff":7,"minecraft:soul_torch":13,"cataclysm:remnant_skull":4,"minecraft:blast_furnace":2,"minecraft:white_bed":3,"artifacts:scarf_of_invisibility":1,"twilightforest:knightmetal_sword":7,"minecraft:spider_eye":13,"twilightforest:meef_stroganoff":1,"artifacts:helium_flamingo":2,"minecraft:iron_helmet":6,"cataclysm:crystallized_coral_fragments":1,"minecraft:cherry_sapling":2,"minecraft:terracotta":1,"minecraft:magenta_concrete":12,"minecraft:black_wool":3,"minecraft:red_concrete":8,"minecraft:coal":323,"minecraft:sunflower":1},"minecraft:crafted":{"minecraft:black_dye":2,"minecraft:cooked_mutton":9,"minecraft:glass":8,"minecraft:diamond_leggings":1,"sophisticatedbackpacks:tank_upgrade":1,"minecraft:black_wool":1,"minecraft:cooked_porkchop":35,"minecraft:stone_slab":6,"minecraft:iron_pickaxe":3,"minecraft:iron_block":3,"minecraft:soul_torch":12,"minecraft:spruce_fence":33,"twilightforest:twilight_oak_planks":24,"minecraft:ladder":54,"minecraft:spruce_slab":12,"minecraft:stone_pickaxe":1,"minecraft:diamond_boots":1,"minecraft:redstone_block":13,"minecraft:wheat":99,"sophisticatedbackpacks:gold_backpack":1,"minecraft:soul_lantern":8,"minecraft:wooden_axe":3,"minecraft:oak_stairs":28,"minecraft:iron_shovel":1,"minecraft:grindstone":1,"minecraft:oak_planks":476,"minecraft:cooked_chicken":3,"twilightforest:arctic_leggings":1,"minecraft:iron_boots":1,"twilightforest:arctic_helmet":1,"minecraft:chest":11,"minecraft:oak_slab":48,"sophisticatedbackpacks:backpack":2,"minecraft:crafting_table":8,"minecraft:spruce_planks":128,"minecraft:wooden_pickaxe":1,"minecraft:birch_planks":188,"sophisticatedbackpacks:upgrade_base":1,"aquamirae:remnants_saber":1,"minecraft:charcoal":18,"minecraft:diamond_pickaxe":1,"minecraft:shield":7,"sophisticatedbackpacks:diamond_backpack":1,"minecraft:birch_fence":27,"minecraft:stick":192,"minecraft:iron_ingot":40,"twilightforest:arctic_chestplate":1,"minecraft:black_bed":1,"twilightforest:arctic_boots":1,"artifacts:eternal_steak":2,"minecraft:wooden_sword":2,"minecraft:oak_door":3,"minecraft:furnace":3,"minecraft:flint_and_steel":1,"minecraft:cobblestone_wall":18,"sophisticatedbackpacks:iron_backpack":1,"minecraft:cooked_beef":6,"minecraft:cooked_cod":64,"minecraft:iron_sword":3,"minecraft:cooked_salmon":43,"minecraft:stone_axe":1,"minecraft:air":0,"minecraft:bread":33,"twilightforest:naga_chestplate":1,"minecraft:anvil":1,"minecraft:torch":12,"minecraft:lapis_block":153},"minecraft:broken":{"minecraft:diamond_helmet":3,"minecraft:netherite_chestplate":1,"twilightforest:arctic_helmet":1,"minecraft:iron_sword":2,"minecraft:stone_sword":1,"minecraft:diamond_leggings":3,"minecraft:chainmail_helmet":1,"minecraft:shield":4,"twilightforest:steeleaf_boots":1,"minecraft:iron_axe":1,"minecraft:iron_pickaxe":2,"minecraft:iron_helmet":1,"minecraft:netherite_boots":1,"minecraft:leather_leggings":1,"twilightforest:arctic_boots":1,"aquamirae:dagger_of_greed":1,"minecraft:diamond_boots":3,"minecraft:stone_axe":2,"minecraft:diamond_chestplate":2,"aquamirae:remnants_saber":1}},"DataVersion":3465}