{"stats":{"minecraft:crafted":{"irons_spellbooks:mana_upgrade_orb":1,"minecraft:blaze_powder":32,"minecraft:diamond_shovel":1,"twilightforest:armor_shard_cluster":3,"minecraft:diamond_helmet":3,"iammusicplayer:cassette_tape":1,"cataclysm:burning_ashes":4,"twilightforest:carminite":5,"minecraft:stone_slab":6,"minecraft:iron_pickaxe":1,"twilightforest:vanishing_block":16,"aquamirae:terrible_sword":5,"minecraft:netherite_ingot":2,"minecraft:iron_nugget":18,"sophisticatedbackpacks:stack_upgrade_tier_1":2,"minecraft:soul_torch":4,"twilightforest:firefly_particle_spawner":1,"minecraft:lantern":2,"minecraft:spruce_stairs":106,"minecraft:stone_pickaxe":1,"iammusicplayer:parabolic_antenna":1,"minecraft:enchanting_table":1,"sophisticatedbackpacks:gold_backpack":1,"minecraft:enchanted_book":29,"minecraft:soul_lantern":1,"minecraft:iron_shovel":3,"irons_spellbooks:diamond_spell_book":1,"minecraft:barrel":2,"minecraft:stone":50,"irons_spellbooks:divine_pearl":9,"irons_spellbooks:alchemist_cauldron":1,"minecraft:bow":1,"twilightforest:ironwood_axe":1,"minecraft:chest":22,"twilightforest:naga_leggings":1,"minecraft:ender_eye":11,"minecraft:oak_fence":30,"minecraft:cauldron":1,"sophisticatedbackpacks:upgrade_base":3,"minecraft:spruce_trapdoor":20,"sophisticatedbackpacks:diamond_backpack":9,"minecraft:stick":360,"minecraft:iron_ingot":432,"twilightforest:ironwood_ingot":18,"artifacts:eternal_steak":1,"minecraft:furnace":4,"minecraft:blast_furnace":1,"irons_spellbooks:scroll_forge":1,"minecraft:birch_sign":6,"paraglider:paraglider":1,"irons_spellbooks:arcane_salvage":2,"twilightforest:naga_chestplate":1,"minecraft:white_dye":9,"minecraft:anvil":1,"minecraft:torch":208,"minecraft:crying_obsidian":2,"minecraft:diamond_chestplate":1,"minecraft:smooth_stone":18,"irons_spellbooks:holy_rune":1,"minecraft:birch_slab":6,"sophisticatedbackpacks:crafting_upgrade":1,"minecraft:bookshelf":27,"minecraft:cooked_mutton":6,"minecraft:glass":204,"minecraft:diamond_leggings":1,"minecraft:magenta_dye":12,"cataclysm:crystallized_coral":1,"twilightforest:phantom_chestplate":2,"minecraft:glass_bottle":6,"minecraft:emerald":5,"minecraft:cooked_porkchop":87,"minecraft:spruce_door":6,"minecraft:copper_ingot":234,"minecraft:hay_block":3,"minecraft:campfire":1,"irons_spellbooks:arcane_anvil":1,"cataclysm:monstrous_helm":1,"minecraft:iron_block":115,"minecraft:gold_ingot":284,"irons_spellbooks:arcane_ingot":11,"minecraft:bone_meal":126,"irons_spellbooks:wayward_compass":1,"minecraft:pink_dye":4,"minecraft:diamond":36,"twilightforest:twilight_oak_planks":152,"minecraft:ladder":84,"minecraft:diamond_boots":3,"minecraft:redstone_block":80,"twilightforest:knightmetal_ingot":3,"minecraft:dark_oak_planks":40,"irons_spellbooks:keeper_flamberge":1,"minecraft:netherite_pickaxe":1,"minecraft:sandstone_slab":6,"minecraft:glowstone":61,"twilightforest:knightmetal_ring":1,"minecraft:golden_apple":2,"minecraft:oak_stairs":108,"minecraft:wooden_axe":1,"minecraft:iron_leggings":1,"minecraft:white_bed":1,"cataclysm:ignitium_upgrade_smithing_template":4,"minecraft:oak_planks":424,"iammusicplayer:music_manager":1,"irons_spellbooks:netherite_mage_chestplate":1,"minecraft:iron_boots":2,"twilightforest:dark_planks":44,"minecraft:netherite_upgrade_smithing_template":16,"minecraft:smoker":1,"minecraft:item_frame":14,"sophisticatedbackpacks:backpack":1,"minecraft:crafting_table":11,"minecraft:spruce_planks":596,"minecraft:wooden_pickaxe":1,"minecraft:gold_block":59,"minecraft:brewing_stand":1,"minecraft:birch_planks":292,"minecraft:diamond_pickaxe":1,"minecraft:shield":1,"minecraft:stone_sword":1,"minecraft:snow_block":4,"irons_spellbooks:magic_cloth":17,"minecraft:cherry_planks":80,"minecraft:wooden_sword":1,"minecraft:raw_iron":126,"irons_spellbooks:eldritch_manuscript":1,"minecraft:popped_chorus_fruit":17,"minecraft:enchanted_golden_apple":8,"minecraft:glass_pane":112,"minecraft:diamond_block":40,"minecraft:polished_deepslate":8,"minecraft:iron_axe":8,"minecraft:spruce_wood":3,"irons_spellbooks:upgrade_orb":1,"sophisticatedbackpacks:stack_upgrade_tier_2":1,"minecraft:netherite_scrap":2,"sophisticatedbackpacks:iron_backpack":1,"minecraft:red_dye":2,"minecraft:diamond_sword":2,"minecraft:bucket":1,"minecraft:amethyst_block":2,"minecraft:air":0,"minecraft:raw_gold":216,"cataclysm:bulwark_of_the_flame":1,"minecraft:acacia_planks":8,"minecraft:lapis_block":37},"minecraft:broken":{"twilightforest:yeti_helmet":1,"minecraft:diamond_helmet":7,"minecraft:iron_leggings":3,"twilightforest:yeti_boots":1,"minecraft:diamond_leggings":6,"minecraft:iron_shovel":3,"minecraft:leather_leggings":1,"minecraft:diamond_boots":6,"minecraft:diamond_chestplate":4,"minecraft:iron_boots":4,"minecraft:iron_chestplate":1,"minecraft:iron_sword":1,"minecraft:iron_axe":8,"minecraft:iron_helmet":5,"minecraft:flint_and_steel":1},"minecraft:picked_up":{"twilightforest:cracked_underbrick":2,"minecraft:smithing_table":3,"twilightforest:naga_trophy":1,"minecraft:enchanted_book":7,"twilightforest:alpha_yeti_trophy":1,"minecraft:string":266,"minecraft:pufferfish":1,"minecraft:diamond_leggings":18,"obscure_api:astral_dust":3,"sophisticatedbackpacks:netherite_backpack":3,"minecraft:big_dripleaf":4,"minecraft:acacia_log":2,"minecraft:golden_axe":3,"twilightforest:carminite":5,"aquamirae:esca":30,"minecraft:golden_chestplate":2,"minecraft:cauldron":2,"minecraft:brown_carpet":1,"minecraft:stone_sword":12,"artifacts:villager_hat":1,"minecraft:polished_basalt":1,"twilightforest:seeker_bow":3,"minecraft:blaze_rod":45,"minecraft:iron_bars":32,"minecraft:snowball":466,"minecraft:feather":30,"minecraft:water_bucket":6,"minecraft:brown_wool":7,"artifacts:thorn_pendant":1,"minecraft:flint":8,"irons_spellbooks:keeper_flamberge":2,"minecraft:lantern":10,"lootr:trophy":1,"cataclysm:koboleton_bone":55,"irons_spellbooks:pedestal":1,"minecraft:stonecutter":3,"cataclysm:abyssal_egg":1,"minecraft:diamond_helmet":21,"aquamirae:terrible_sword":19,"aquamirae:oxygen_tank":1,"minecraft:stripped_acacia_wood":6,"minecraft:birch_fence_gate":1,"minecraft:stripped_spruce_log":20,"sophisticatedbackpacks:iron_backpack":5,"minecraft:polished_andesite":13,"twilightforest:charm_of_keeping_1":1,"minecraft:deepslate":1,"cataclysm:mech_eye":9,"minecraft:lever":2,"minecraft:granite":101,"minecraft:golden_horse_armor":9,"minecraft:rooted_dirt":2,"minecraft:crimson_roots":4,"minecraft:diamond_pickaxe":21,"sophisticatedbackpacks:gold_backpack":1,"minecraft:clay_ball":4,"minecraft:leather_leggings":9,"twilightforest:ironwood_axe":7,"twilightforest:arctic_helmet":1,"minecraft:purpur_block":3,"minecraft:cornflower":4,"irons_spellbooks:diamond_spell_book":1,"minecraft:flint_and_steel":4,"twilightforest:filled_magic_map":11,"minecraft:iron_shovel":6,"minecraft:glass_pane":1,"minecraft:poppy":17,"minecraft:spruce_slab":7,"minecraft:birch_sapling":117,"minecraft:piston":1,"minecraft:stone":1,"minecraft:raw_gold_block":24,"twilightforest:borer_essence":20,"sophisticatedbackpacks:backpack":8,"minecraft:stone_shovel":1,"minecraft:diamond_chestplate":20,"aquamirae:sea_stew":1,"minecraft:hay_block":11,"minecraft:yellow_terracotta":1,"artifacts:pocket_piston":2,"minecraft:totem_of_undying":8,"sophisticatedbackpacks:copper_backpack":12,"minecraft:polished_blackstone":1,"minecraft:mutton":47,"minecraft:oxeye_daisy":4,"minecraft:tripwire_hook":1,"minecraft:blackstone_slab":2,"aquamirae:spinefish":45,"twilightforest:phantom_chestplate":4,"minecraft:lily_pad":1,"minecraft:paper":44,"minecraft:spawner":1,"minecraft:apple":8,"minecraft:stone_pickaxe":12,"minecraft:dark_oak_stairs":7,"minecraft:polished_andesite_stairs":4,"minecraft:smooth_basalt":5,"minecraft:cracked_nether_bricks":1,"minecraft:crying_obsidian":1,"minecraft:diamond_shovel":7,"minecraft:slime_ball":48,"minecraft:painting":33,"minecraft:baked_potato":6,"minecraft:hopper":1,"minecraft:black_carpet":4,"minecraft:yellow_wool":1,"artifacts:umbrella":1,"minecraft:stone_brick_stairs":10,"minecraft:dead_tube_coral_block":2,"aquamirae:dagger_of_greed":3,"minecraft:purple_banner":1,"minecraft:bucket":12,"minecraft:eye_armor_trim_smithing_template":2,"minecraft:rose_bush":1,"minecraft:ender_eye":5,"minecraft:iron_pickaxe":13,"twilightforest:mossy_underbrick":7,"irons_spellbooks:inscription_table":3,"twilightforest:firefly_jar":3,"minecraft:blue_wool":1,"minecraft:spruce_stairs":75,"minecraft:diorite":253,"minecraft:goat_horn":5,"minecraft:rotten_flesh":1113,"twilightforest:hydra_trophy":1,"irons_spellbooks:arcane_debris":2,"minecraft:deepslate_brick_stairs":1,"minecraft:obsidian":80,"iammusicplayer:boombox":2,"minecraft:cobblestone":1790,"minecraft:enchanting_table":3,"minecraft:pink_petals":4,"minecraft:leather_chestplate":2,"minecraft:cherry_planks":147,"minecraft:lilac":2,"twilightforest:twilight_oak_log":38,"minecraft:andesite":32,"minecraft:golden_leggings":2,"minecraft:potato":80,"minecraft:smooth_sandstone_stairs":1,"aquamirae:painting_aurora":2,"minecraft:dirt":1782,"minecraft:stripped_birch_log":17,"minecraft:cut_sandstone_slab":1,"minecraft:name_tag":2,"cataclysm:music_disc_ignis":1,"minecraft:glass":364,"minecraft:bone":648,"minecraft:acacia_planks":10,"minecraft:bow":40,"minecraft:wheat_seeds":102,"aquamirae:wisteria_niveis":6,"minecraft:grindstone":1,"twilightforest:knightmetal_chestplate":1,"minecraft:grass_block":3,"minecraft:diamond_block":56,"minecraft:jungle_slab":1,"minecraft:mossy_cobblestone":7,"minecraft:sugar":14,"minecraft:yellow_carpet":31,"twilightforest:twilight_oak_sapling":4,"minecraft:soul_lantern":4,"minecraft:crossbow":12,"minecraft:golden_apple":4,"minecraft:emerald":290,"twilightforest:arctic_fur":20,"minecraft:netherrack":302,"minecraft:chorus_fruit":9,"minecraft:andesite_slab":1,"minecraft:azure_bluet":6,"minecraft:splash_potion":5,"minecraft:ladder":89,"irons_spellbooks:necronomicon_spell_book":1,"minecraft:packed_ice":1,"minecraft:stone_brick_wall":5,"twilightforest:nagastone":9,"minecraft:chain":8,"minecraft:shield":17,"minecraft:moss_carpet":3,"artifacts:feral_claws":1,"twilightforest:dark_log":11,"minecraft:magenta_wool":1,"minecraft:birch_fence":3,"minecraft:blackstone":1,"twilightforest:nagastone_head":4,"minecraft:end_stone":3,"aquamirae:shell_horn":4,"minecraft:note_block":1,"minecraft:polished_blackstone_bricks":4,"minecraft:trident":1,"twilightforest:raw_meef":25,"minecraft:purple_terracotta":4,"minecraft:pumpkin_pie":53,"minecraft:nether_bricks":107,"minecraft:glistering_melon_slice":1,"minecraft:black_banner":1,"minecraft:brick_stairs":3,"minecraft:skeleton_skull":2,"minecraft:netherite_boots":1,"minecraft:basalt":7,"minecraft:golden_carrot":33,"minecraft:leather":179,"minecraft:chainmail_chestplate":3,"minecraft:gunpowder":117,"twilightforest:twilight_oak_planks":36,"minecraft:orange_terracotta":1,"minecraft:cooked_mutton":2,"minecraft:red_carpet":94,"minecraft:coast_armor_trim_smithing_template":8,"cataclysm:music_disc_the_leviathan":1,"minecraft:iron_ingot":817,"irons_spellbooks:cinder_essence":15,"minecraft:emerald_block":3,"minecraft:stone_brick_slab":1,"minecraft:quartz":37,"minecraft:dandelion":22,"irons_spellbooks:blood_staff":5,"minecraft:amethyst_shard":60,"twilightforest:knightmetal_sword":2,"artifacts:scarf_of_invisibility":2,"minecraft:spruce_door":16,"cataclysm:crystallized_coral_fragments":4,"minecraft:cherry_sapling":8,"minecraft:terracotta":14,"minecraft:damaged_anvil":5,"twilightforest:naga_leggings":3,"minecraft:sunflower":1,"minecraft:wooden_axe":8,"minecraft:birch_door":2,"minecraft:iron_chestplate":23,"minecraft:anvil":5,"minecraft:diamond_sword":32,"minecraft:oak_stairs":16,"cataclysm:abyss_eye":8,"minecraft:brewing_stand":1,"minecraft:golden_sword":1,"minecraft:amethyst_block":74,"paraglider:goddess_statue":4,"minecraft:soul_soil":1,"minecraft:red_nether_bricks":5,"minecraft:orange_concrete_powder":1,"minecraft:gold_nugget":104,"minecraft:cobbled_deepslate":455,"minecraft:spruce_planks":72,"irons_spellbooks:blank_rune":6,"minecraft:enchanted_golden_apple":1,"minecraft:coal_block":20,"minecraft:melon_slice":28,"minecraft:golden_helmet":2,"minecraft:composter":4,"minecraft:sandstone_wall":1,"minecraft:cherry_log":23,"twilightforest:firefly_particle_spawner":4,"cataclysm:music_disc_ancient_remnant":2,"irons_spellbooks:fire_rune":1,"minecraft:iron_block":11,"minecraft:cyan_terracotta":8,"minecraft:birch_log":449,"minecraft:magma_block":6,"minecraft:mossy_cobblestone_slab":3,"minecraft:oxidized_copper":1,"minecraft:birch_slab":29,"twilightforest:ironwood_pickaxe":11,"twilightforest:ore_magnet":2,"cataclysm:coral_spear":2,"minecraft:mangrove_slab":1,"aquamirae:fin":47,"irons_spellbooks:iron_spell_book":2,"iammusicplayer:music_manager":2,"minecraft:glowstone_dust":267,"minecraft:moss_block":14,"irons_spellbooks:legendary_ink":1,"aquamirae:anglers_fang":11,"twilightforest:canopy_log":2,"minecraft:ink_sac":4,"minecraft:loom":6,"twilightforest:naga_chestplate":2,"minecraft:trapped_chest":1,"minecraft:dark_oak_log":3,"minecraft:barrel":45,"aquamirae:music_disc_horizon":7,"minecraft:bundle":1,"irons_spellbooks:ice_rune":1,"twilightforest:encased_towerwood":20,"artifacts:crystal_heart":2,"minecraft:writable_book":2,"minecraft:chainmail_helmet":2,"minecraft:bread":36,"minecraft:bricks":7,"twilightforest:ironwood_helmet":1,"minecraft:crafting_table":18,"minecraft:coarse_dirt":5,"minecraft:purple_wool":2,"minecraft:nether_wart":66,"irons_spellbooks:tarnished_helmet":7,"aquamirae:sharp_bones":23,"minecraft:netherite_scrap":13,"minecraft:cracked_stone_bricks":24,"minecraft:cartography_table":1,"aquamirae:dead_sea_scroll":9,"minecraft:beef":42,"minecraft:iron_nugget":187,"minecraft:chest":5,"minecraft:egg":5,"twilightforest:armor_shard":21,"minecraft:sandstone":28,"minecraft:polished_deepslate_slab":28,"minecraft:spruce_fence":20,"minecraft:carrot":64,"minecraft:redstone":780,"irons_spellbooks:alchemist_cauldron":4,"twilightforest:firefly":1,"artifacts:everlasting_beef":7,"irons_spellbooks:evocation_rune":5,"minecraft:deepslate_bricks":3,"minecraft:diamond_boots":25,"minecraft:gold_ingot":124,"aquamirae:treasure_pouch":19,"minecraft:white_wool":30,"minecraft:smooth_red_sandstone_stairs":2,"minecraft:filled_map":8,"minecraft:oak_log":118,"minecraft:ancient_debris":16,"minecraft:golden_boots":5,"minecraft:white_banner":35,"minecraft:stone_bricks":99,"minecraft:kelp":26,"minecraft:cobweb":1,"minecraft:glass_bottle":61,"minecraft:iron_sword":21,"minecraft:dark_oak_slab":3,"aquamirae:ship_graveyard_echo":22,"minecraft:gravel":134,"minecraft:birch_stairs":5,"minecraft:spruce_sapling":255,"minecraft:spruce_log":742,"irons_spellbooks:magehunter":1,"minecraft:stone_axe":2,"minecraft:diamond_axe":2,"minecraft:warped_roots":4,"minecraft:stripped_dark_oak_log":2,"minecraft:ender_pearl":5,"irons_spellbooks:scroll":20,"minecraft:wheat":65,"minecraft:redstone_block":1,"cataclysm:monstrous_horn":1,"minecraft:potion":6,"minecraft:nether_brick":8,"minecraft:crimson_planks":4,"aquamirae:pirate_pouch":90,"minecraft:raw_copper":246,"minecraft:smooth_stone_slab":16,"minecraft:iron_leggings":16,"irons_spellbooks:arcane_essence":352,"minecraft:deepslate_tiles":3,"artifacts:aqua_dashers":2,"minecraft:calcite":7,"cataclysm:khopesh":5,"minecraft:furnace":9,"minecraft:iron_boots":16,"minecraft:stick":438,"aquamirae:frozen_key":2,"irons_spellbooks:wayward_compass":3,"minecraft:oak_fence":47,"minecraft:torch":1346,"minecraft:porkchop":288,"minecraft:dried_kelp":2,"cataclysm:burning_ashes":3,"minecraft:pointed_dripstone":14,"minecraft:cactus":15,"cataclysm:athame":2,"artifacts:panic_necklace":2,"minecraft:stripped_birch_wood":1,"twilightforest:ice_bow":1,"minecraft:cod":20,"minecraft:nautilus_shell":1,"paraglider:paraglider":9,"cataclysm:ignited_berserker_spawn_egg":1,"minecraft:magma_cream":3,"aquamirae:three_bolt_helmet":2,"paraglider:spirit_orb":734,"minecraft:tuff":46,"minecraft:wither_skeleton_skull":5,"minecraft:lapis_lazuli":366,"minecraft:leather_boots":10,"irons_spellbooks:hogskin":29,"minecraft:raw_gold":69,"minecraft:cyan_candle":1,"minecraft:oak_planks":819,"minecraft:ghast_tear":17,"minecraft:cooked_porkchop":88,"minecraft:music_disc_13":2,"twilightforest:moonworm":1,"minecraft:jungle_planks":22,"minecraft:sand":344,"minecraft:dark_prismarine":2,"artifacts:plastic_drinking_hat":5,"cataclysm:tidal_claws":3,"minecraft:diamond":181,"minecraft:oak_sapling":58,"irons_spellbooks:uncommon_ink":2,"twilightforest:torchberries":7,"minecraft:fishing_rod":2,"minecraft:charcoal":4,"minecraft:chicken":30,"minecraft:wooden_pickaxe":4,"minecraft:gold_block":10,"minecraft:iron_axe":29,"minecraft:orange_concrete":3,"minecraft:wooden_sword":6,"minecraft:item_frame":13,"minecraft:cyan_carpet":5,"minecraft:candle":2,"minecraft:echo_shard":1,"irons_spellbooks:epic_ink":4,"minecraft:player_head":1,"minecraft:lectern":431,"twilightforest:towerwood":49,"minecraft:sugar_cane":23,"minecraft:spruce_trapdoor":10,"minecraft:phantom_membrane":50,"minecraft:dark_oak_sapling":1,"minecraft:raw_iron":145,"minecraft:copper_ingot":1,"minecraft:bowl":8,"minecraft:iron_horse_armor":1,"minecraft:dark_oak_planks":1,"irons_spellbooks:mana_ring":2,"minecraft:arrow":514,"cataclysm:dying_ember":18,"minecraft:golden_hoe":4,"minecraft:saddle":8,"minecraft:air":0,"artifacts:eternal_steak":26,"artifacts:digging_claws":8,"minecraft:salmon":48,"cataclysm:ignitium_ingot":12,"minecraft:birch_planks":650,"irons_spellbooks:rare_ink":3,"minecraft:smooth_sandstone":11,"cataclysm:infernal_forge":1,"minecraft:heart_of_the_sea":1,"artifacts:whoopee_cushion":1,"minecraft:soul_sand":71,"sophisticatedbackpacks:diamond_backpack":3,"minecraft:book":152,"minecraft:scaffolding":59,"minecraft:oak_slab":2,"minecraft:pumpkin":7,"minecraft:dripstone_block":3,"minecraft:raw_iron_block":16,"cataclysm:desert_eye":12,"minecraft:blast_furnace":4,"minecraft:white_bed":4,"minecraft:spider_eye":157,"twilightforest:vanishing_block":6,"minecraft:iron_helmet":14,"minecraft:magenta_concrete":3,"twilightforest:aurora_pillar":1,"minecraft:coal":462},"minecraft:killed":{"twilightforest:alpha_yeti":3,"irons_spellbooks:cryomancer":1,"twilightforest:maze_slime":2,"twilightforest:carminite_broodling":45,"twilightforest:lich":3,"twilightforest:pinch_beetle":11,"irons_spellbooks:archevoker":5,"cataclysm:ancient_remnant":1,"minecraft:pillager":142,"minecraft:zombie":604,"twilightforest:lower_goblin_knight":2,"twilightforest:winter_wolf":1,"minecraft:evoker":13,"minecraft:vindicator":97,"twilightforest:loyal_zombie":3,"twilightforest:blockchain_goblin":4,"twilightforest:death_tome":7,"cataclysm:koboleton":29,"cataclysm:deepling_angler":7,"minecraft:husk":7,"twilightforest:helmet_crab":7,"cataclysm:the_watcher":5,"twilightforest:kobold":2,"twilightforest:redcap_sapper":3,"minecraft:ravager":3,"twilightforest:wraith":8,"cataclysm:ignis":4,"cataclysm:coralssus":3,"twilightforest:bighorn_sheep":5,"minecraft:witch":20,"minecraft:spider":40,"cataclysm:netherite_monstrosity":1,"cataclysm:the_harbinger":1,"twilightforest:snow_queen":1,"minecraft:silverfish":1,"minecraft:piglin_brute":13,"minecraft:piglin":25,"minecraft:zombie_villager":4,"aquamirae:captain_cornelia":1,"twilightforest:hydra":2,"twilightforest:skeleton_druid":5,"minecraft:sheep":12,"minecraft:ghast":2,"twilightforest:knight_phantom":6,"twilightforest:ur_ghast":1,"minecraft:vex":37,"twilightforest:stable_ice_core":10,"twilightforest:fire_beetle":4,"twilightforest:naga":3,"minecraft:drowned":9,"aquamirae:maw":9,"minecraft:hoglin":58,"minecraft:squid":1,"minecraft:wither_skeleton":65,"minecraft:villager":3,"twilightforest:yeti":5,"twilightforest:boar":2,"minecraft:cave_spider":36,"cataclysm:the_prowler":2,"minecraft:skeleton":287,"twilightforest:carminite_ghastling":16,"minecraft:chicken":17,"twilightforest:carminite_golem":14,"minecraft:cat":1,"minecraft:magma_cube":39,"twilightforest:unstable_ice_core":6,"irons_spellbooks:summoned_vex":4,"cataclysm:deepling":16,"minecraft:cow":11,"twilightforest:penguin":7,"twilightforest:snow_guardian":11,"irons_spellbooks:citadel_keeper":13,"cataclysm:ignited_berserker":6,"minecraft:enderman":19,"irons_spellbooks:pyromancer":1,"aquamirae:tortured_soul":8,"minecraft:illusioner":1,"irons_spellbooks:summoned_skeleton":10,"minecraft:wolf":1,"twilightforest:minotaur":11,"twilightforest:slime_beetle":27,"minecraft:pig":4,"irons_spellbooks:dead_king":2,"irons_spellbooks:necromancer":11,"minecraft:creeper":79,"twilightforest:mist_wolf":6,"twilightforest:redcap":27,"twilightforest:upper_goblin_knight":3,"cataclysm:deepling_brute":2,"minecraft:stray":1,"aquamirae:eel":3,"minecraft:blaze":47,"cataclysm:ignited_revenant":3,"irons_spellbooks:summoned_zombie":17,"minecraft:phantom":17,"cataclysm:the_leviathan":2,"twilightforest:swarm_spider":4,"twilightforest:hedge_spider":3,"twilightforest:ice_crystal":6,"minecraft:bat":6,"aquamirae:anglerfish":14},"minecraft:mined":{"minecraft:cut_sandstone_slab":3,"minecraft:white_bed":3,"irons_spellbooks:armor_pile":13,"minecraft:granite":15,"minecraft:acacia_log":2,"minecraft:blue_wool":1,"minecraft:nether_wart":23,"minecraft:spawner":164,"minecraft:polished_blackstone_bricks":4,"minecraft:magma_block":5,"minecraft:mossy_cobblestone_stairs":1,"minecraft:fire":109,"minecraft:barrel":19,"minecraft:cobbled_deepslate":30,"minecraft:white_banner":1,"minecraft:player_head":1,"minecraft:crimson_nylium":2,"minecraft:torch":94,"minecraft:note_block":1,"minecraft:oxidized_copper":1,"minecraft:melon":6,"minecraft:dead_bush":1,"minecraft:sugar_cane":12,"minecraft:bricks":7,"minecraft:amethyst_block":74,"minecraft:birch_sapling":7,"sophisticatedbackpacks:diamond_backpack":2,"minecraft:grass":397,"minecraft:smooth_basalt":5,"minecraft:deepslate":368,"twilightforest:firefly":1,"minecraft:deepslate_tiles":4,"minecraft:dark_prismarine":2,"minecraft:mossy_cobblestone":5,"minecraft:orange_concrete_powder":1,"minecraft:dark_oak_log":3,"minecraft:spruce_fence":13,"minecraft:cartography_table":1,"minecraft:redstone_ore":150,"minecraft:andesite":10,"twilightforest:twilight_oak_leaves":25,"minecraft:cobblestone_slab":1,"minecraft:vine":1,"twilightforest:cracked_underbrick":2,"twilightforest:dark_log":11,"minecraft:oak_slab":2,"minecraft:redstone_block":1,"minecraft:glass_pane":20,"minecraft:soul_sand":72,"minecraft:lily_of_the_valley":1,"minecraft:dandelion":19,"minecraft:cornflower":2,"minecraft:warped_roots":1,"minecraft:campfire":2,"minecraft:tall_grass":68,"minecraft:copper_ore":62,"minecraft:deepslate_gold_ore":29,"minecraft:diorite":17,"minecraft:purple_wool":2,"minecraft:red_terracotta":1,"minecraft:coarse_dirt":6,"minecraft:mangrove_leaves":2,"minecraft:sunflower":1,"minecraft:gravel":25,"minecraft:cobweb":33,"minecraft:polished_blackstone":1,"minecraft:stone_bricks":114,"minecraft:gold_ore":31,"minecraft:orange_wool":2,"minecraft:spruce_trapdoor":10,"minecraft:budding_amethyst":7,"sophisticatedbackpacks:iron_backpack":3,"minecraft:composter":3,"minecraft:frosted_ice":4,"minecraft:mossy_cobblestone_slab":4,"minecraft:pointed_dripstone":1,"minecraft:iron_bars":38,"sophisticatedbackpacks:copper_backpack":2,"minecraft:spruce_slab":4,"minecraft:deepslate_redstone_ore":14,"irons_spellbooks:alchemist_cauldron":4,"minecraft:medium_amethyst_bud":3,"minecraft:orange_terracotta":1,"twilightforest:twilight_oak_log":38,"minecraft:nether_quartz_ore":18,"minecraft:wither_skeleton_wall_skull":1,"minecraft:oak_planks":69,"aquamirae:painting_aurora":2,"minecraft:wall_torch":30,"minecraft:cauldron":2,"twilightforest:antibuilder":2,"minecraft:warped_nylium":1,"minecraft:dark_oak_slab":3,"minecraft:blue_ice":4,"minecraft:tnt":1,"minecraft:smooth_stone_slab":14,"minecraft:oak_log":108,"minecraft:dirt":663,"minecraft:ancient_debris":16,"minecraft:cyan_candle":1,"minecraft:crying_obsidian":2,"minecraft:dark_oak_leaves":2,"twilightforest:mangrove_root":1,"minecraft:lever":2,"minecraft:ladder":7,"minecraft:purple_terracotta":4,"minecraft:birch_slab":16,"minecraft:spruce_leaves":466,"twilightforest:nagastone_head":3,"minecraft:hay_block":11,"minecraft:raw_gold_block":24,"twilightforest:naga_trophy":1,"minecraft:gold_block":9,"minecraft:bookshelf":48,"twilightforest:firefly_jar":3,"minecraft:deepslate_iron_ore":2,"sophisticatedbackpacks:backpack":3,"minecraft:acacia_leaves":4,"minecraft:scaffolding":2,"minecraft:snow_block":30,"minecraft:stripped_dark_oak_log":3,"minecraft:basalt":8,"minecraft:oak_fence":53,"minecraft:deepslate_coal_ore":4,"twilightforest:moonworm":1,"minecraft:birch_planks":53,"minecraft:ice":33,"minecraft:bee_nest":1,"minecraft:cherry_leaves":21,"minecraft:cyan_carpet":3,"minecraft:cracked_stone_bricks":28,"minecraft:stripped_acacia_wood":2,"minecraft:mossy_stone_bricks":5,"paraglider:goddess_statue":4,"minecraft:dark_oak_planks":1,"minecraft:cherry_log":21,"minecraft:obsidian":66,"minecraft:smooth_red_sandstone_stairs":2,"minecraft:stone_brick_wall":3,"minecraft:deepslate_bricks":4,"minecraft:coal_block":20,"minecraft:hopper":1,"minecraft:oxeye_daisy":3,"minecraft:orange_concrete":3,"minecraft:tall_seagrass":1,"minecraft:pumpkin":11,"minecraft:moss_carpet":14,"minecraft:enchanting_table":3,"minecraft:polished_deepslate_slab":42,"minecraft:dirt_path":1,"minecraft:oak_stairs":15,"minecraft:deepslate_brick_stairs":1,"minecraft:smooth_sandstone_stairs":1,"minecraft:iron_block":11,"irons_spellbooks:pedestal":1,"minecraft:soul_fire":1,"minecraft:amethyst_cluster":14,"irons_spellbooks:arcane_debris":2,"twilightforest:firefly_particle_spawner":4,"twilightforest:aurora_pillar":1,"minecraft:blast_furnace":4,"minecraft:polished_andesite_stairs":4,"minecraft:glass":8,"minecraft:damaged_anvil":5,"minecraft:skeleton_skull":2,"minecraft:wheat":1,"minecraft:lilac":1,"minecraft:stone_brick_stairs":17,"minecraft:loom":5,"minecraft:stripped_birch_wood":1,"minecraft:stonecutter":2,"minecraft:piston":1,"minecraft:yellow_terracotta":1,"twilightforest:antibuilt_block":5,"minecraft:stripped_birch_log":17,"twilightforest:underbrick":2,"minecraft:nether_bricks":20,"minecraft:jungle_planks":22,"minecraft:crimson_roots":4,"minecraft:magenta_concrete":1,"minecraft:moss_block":5,"minecraft:kelp":21,"minecraft:snow":19,"minecraft:diamond_block":55,"minecraft:potatoes":2,"irons_spellbooks:inscription_table":3,"minecraft:white_wool":2,"minecraft:smithing_table":3,"minecraft:cherry_planks":19,"minecraft:hanging_roots":1,"minecraft:brown_carpet":1,"minecraft:stone_brick_slab":3,"minecraft:smooth_sandstone":11,"minecraft:emerald_ore":2,"twilightforest:nagastone":8,"minecraft:spruce_log":752,"minecraft:birch_leaves":440,"sophisticatedbackpacks:netherite_backpack":1,"minecraft:dripstone_block":5,"minecraft:acacia_planks":2,"minecraft:large_amethyst_bud":1,"minecraft:spruce_planks":59,"minecraft:jungle_slab":1,"cataclysm:sandstone_ignite_trap":2,"minecraft:grass_block":908,"minecraft:dead_tube_coral_block":2,"iammusicplayer:boombox":2,"minecraft:soul_soil":1,"minecraft:raw_iron_block":17,"minecraft:glowstone":80,"minecraft:iron_ore":137,"minecraft:black_carpet":1,"minecraft:anvil":5,"minecraft:azure_bluet":4,"minecraft:azalea_leaves":1,"iammusicplayer:music_manager":2,"minecraft:cyan_terracotta":6,"minecraft:blackstone":2,"minecraft:soul_lantern":3,"minecraft:clay":1,"minecraft:calcite":7,"minecraft:poppy":16,"minecraft:chest":5,"minecraft:mushroom_stem":1,"minecraft:cobblestone":105,"minecraft:grindstone":1,"minecraft:iron_door":1,"minecraft:deepslate_copper_ore":2,"minecraft:pink_petals":1,"minecraft:birch_log":440,"twilightforest:mossy_underbrick":8,"twilightforest:root":2,"twilightforest:vanishing_block":6,"minecraft:sand":289,"minecraft:crimson_planks":4,"minecraft:tripwire_hook":1,"minecraft:netherrack":207,"minecraft:magenta_wool":1,"minecraft:oak_leaves":83,"minecraft:emerald_block":3,"minecraft:diamond_ore":31,"minecraft:red_carpet":11,"minecraft:tuff":50,"minecraft:deepslate_diamond_ore":28,"minecraft:candle":1,"minecraft:brick_stairs":3,"minecraft:sandstone":29,"minecraft:rooted_dirt":2,"minecraft:spruce_sapling":27,"minecraft:furnace":5,"minecraft:stripped_spruce_log":20,"minecraft:packed_ice":243,"minecraft:stone":839,"minecraft:infested_stone_bricks":1,"twilightforest:hedge":7,"minecraft:spruce_door":16,"minecraft:crafting_table":12,"minecraft:blackstone_slab":1,"minecraft:rose_bush":1,"minecraft:andesite_slab":1,"minecraft:lectern":429,"minecraft:lapis_ore":57,"minecraft:lily_pad":1,"minecraft:spruce_stairs":46,"minecraft:cactus":11,"minecraft:mangrove_slab":1,"minecraft:coal_ore":145,"minecraft:terracotta":10,"minecraft:polished_andesite":22},"minecraft:dropped":{"minecraft:iron_sword":13,"minecraft:porkchop":77,"minecraft:chorus_fruit":4,"minecraft:glass_bottle":97,"minecraft:diamond":40,"minecraft:crafting_table":1,"minecraft:cooked_porkchop":13,"minecraft:warped_roots":4,"minecraft:cracked_stone_bricks":14,"minecraft:emerald":66,"minecraft:gold_block":1,"minecraft:birch_fence":3,"minecraft:netherite_boots":1,"twilightforest:aurora_block":1,"twilightforest:aurora_pillar":1,"minecraft:gold_nugget":117,"twilightforest:phantom_chestplate":1,"minecraft:sand":59,"minecraft:dark_oak_planks":1,"minecraft:fishing_rod":1,"minecraft:white_wool":5,"minecraft:birch_stairs":5,"twilightforest:ice_bow":1,"minecraft:stone_axe":2,"minecraft:goat_horn":6,"minecraft:diamond_block":2,"irons_spellbooks:blank_rune":2,"minecraft:iron_nugget":187,"minecraft:cobbled_deepslate":84,"minecraft:black_carpet":4,"minecraft:wheat":7,"minecraft:obsidian":6,"minecraft:stripped_dark_oak_log":2,"minecraft:rotten_flesh":972,"twilightforest:alpha_yeti_trophy":1,"minecraft:oak_planks":195,"minecraft:azure_bluet":3,"irons_spellbooks:blood_staff":3,"minecraft:echo_shard":1,"artifacts:umbrella":1,"irons_spellbooks:cooldown_ring":1,"minecraft:music_disc_mall":1,"minecraft:leather_boots":7,"artifacts:panic_necklace":2,"minecraft:leather_leggings":11,"minecraft:painting":24,"minecraft:red_nether_bricks":5,"minecraft:glass":77,"minecraft:beef":18,"aquamirae:sharp_bones":20,"minecraft:stone_brick_stairs":4,"minecraft:golden_boots":4,"twilightforest:charm_of_keeping_1":1,"minecraft:wheat_seeds":56,"cataclysm:athame":1,"minecraft:dripstone_block":2,"minecraft:netherite_chestplate":1,"minecraft:book":6,"twilightforest:naga_chestplate":1,"minecraft:yellow_carpet":25,"minecraft:golden_apple":10,"minecraft:ink_sac":4,"minecraft:wooden_axe":1,"artifacts:plastic_drinking_hat":4,"minecraft:potion":2,"minecraft:oak_stairs":4,"minecraft:pumpkin":3,"minecraft:golden_hoe":4,"minecraft:white_banner":20,"aquamirae:sea_stew":1,"minecraft:smooth_sandstone":8,"minecraft:lily_pad":1,"minecraft:trapped_chest":1,"minecraft:acacia_planks":1,"artifacts:digging_claws":4,"minecraft:bricks":6,"irons_spellbooks:wayward_compass":5,"minecraft:player_head":1,"minecraft:orange_concrete":2,"irons_spellbooks:magehunter":1,"minecraft:clay_ball":4,"iammusicplayer:radio_antenna":1,"minecraft:iron_boots":11,"sophisticatedbackpacks:backpack":1,"minecraft:name_tag":1,"twilightforest:knightmetal_chestplate":1,"minecraft:diamond_sword":7,"cataclysm:tidal_claws":3,"minecraft:spruce_planks":27,"minecraft:spruce_trapdoor":2,"minecraft:bundle":2,"minecraft:diamond_pickaxe":2,"aquamirae:spinefish":15,"minecraft:stone_bricks":69,"irons_spellbooks:necronomicon_spell_book":1,"minecraft:barrel":5,"minecraft:sandstone":6,"minecraft:bow":18,"minecraft:magma_block":2,"cataclysm:coral_spear":2,"minecraft:terracotta":10,"minecraft:moss_block":13,"minecraft:oak_log":31,"minecraft:dark_oak_sapling":1,"minecraft:leather":86,"minecraft:jungle_planks":2,"minecraft:iron_horse_armor":1,"twilightforest:ore_magnet":1,"minecraft:birch_slab":15,"paraglider:spirit_orb":299,"minecraft:cod":10,"minecraft:music_disc_13":2,"aquamirae:three_bolt_helmet":3,"minecraft:packed_ice":2,"minecraft:mutton":38,"minecraft:snowball":495,"twilightforest:ice_bomb":8,"paraglider:paraglider":2,"twilightforest:arctic_helmet":1,"minecraft:gold_ingot":19,"minecraft:purpur_block":3,"irons_spellbooks:diamond_spell_book":1,"minecraft:andesite_slab":1,"minecraft:pointed_dripstone":13,"artifacts:villager_hat":1,"twilightforest:torchberries":5,"sophisticatedbackpacks:diamond_backpack":1,"minecraft:birch_fence_gate":1,"minecraft:leather_chestplate":3,"minecraft:beetroot_seeds":10,"minecraft:stone_brick_wall":12,"minecraft:iron_bars":21,"minecraft:cracked_nether_bricks":2,"minecraft:scaffolding":13,"artifacts:scarf_of_invisibility":3,"minecraft:splash_potion":3,"minecraft:bread":1,"minecraft:golden_helmet":2,"minecraft:lilac":2,"irons_spellbooks:legendary_ink":1,"twilightforest:filled_magic_map":2,"twilightforest:nagastone_head":3,"minecraft:golden_axe":3,"aquamirae:wisteria_niveis":2,"minecraft:spruce_stairs":12,"twilightforest:canopy_log":2,"irons_spellbooks:scroll":2,"minecraft:mossy_cobblestone_slab":3,"minecraft:melon_slice":16,"artifacts:crystal_heart":2,"minecraft:polished_andesite_stairs":1,"sophisticatedbackpacks:jukebox_upgrade":1,"minecraft:tripwire_hook":1,"minecraft:kelp":65,"cataclysm:koboleton_bone":55,"twilightforest:ironwood_pickaxe":2,"minecraft:flint_and_steel":2,"minecraft:andesite":32,"minecraft:golden_leggings":2,"artifacts:pocket_piston":1,"minecraft:oak_sapling":2,"twilightforest:alpha_yeti_fur":7,"minecraft:spruce_log":1,"minecraft:wooden_pickaxe":1,"minecraft:nautilus_shell":1,"twilightforest:twilight_oak_log":16,"twilightforest:nagastone":3,"sophisticatedbackpacks:iron_backpack":1,"minecraft:crossbow":8,"cataclysm:ignited_berserker_spawn_egg":1,"minecraft:saddle":2,"irons_spellbooks:tarnished_helmet":1,"minecraft:leather_helmet":5,"minecraft:red_carpet":83,"minecraft:item_frame":4,"minecraft:dirt":412,"artifacts:thorn_pendant":1,"aquamirae:dead_sea_scroll":7,"twilightforest:twilight_oak_leaves":43,"sophisticatedbackpacks:netherite_backpack":2,"irons_spellbooks:arcane_essence":86,"minecraft:chain":4,"minecraft:wooden_sword":2,"minecraft:phantom_membrane":51,"minecraft:bone_block":1,"minecraft:sunflower":1,"twilightforest:meef_stroganoff":2,"minecraft:sugar":6,"minecraft:iron_pickaxe":7,"minecraft:cyan_carpet":1,"minecraft:bone":141,"minecraft:sugar_cane":2,"minecraft:golden_chestplate":1,"minecraft:nether_brick":16,"minecraft:birch_sapling":9,"minecraft:blue_wool":2,"minecraft:enchanted_golden_apple":2,"minecraft:end_stone":3,"minecraft:salmon":43,"artifacts:everlasting_beef":2,"minecraft:charcoal":2,"minecraft:ladder":23,"minecraft:spruce_slab":2,"cataclysm:infernal_forge":1,"minecraft:crying_obsidian":1,"minecraft:ghast_tear":6,"minecraft:lectern":4,"minecraft:egg":1,"minecraft:enchanted_book":4,"minecraft:crimson_planks":4,"minecraft:iron_ingot":175,"cataclysm:music_disc_the_leviathan":1,"minecraft:polished_blackstone":1,"minecraft:golden_horse_armor":6,"minecraft:feather":25,"minecraft:oak_fence":21,"minecraft:iron_helmet":4,"minecraft:yellow_terracotta":1,"minecraft:cobblestone":823,"obscure_api:astral_dust":1,"artifacts:whoopee_cushion":1,"minecraft:granite":90,"minecraft:chainmail_helmet":2,"minecraft:coal":20,"minecraft:pufferfish":2,"minecraft:polished_andesite":6,"minecraft:oxeye_daisy":2,"minecraft:golden_carrot":2,"minecraft:rose_bush":1,"minecraft:diamond_helmet":6,"minecraft:dried_kelp":4,"minecraft:heart_of_the_sea":1,"minecraft:iron_shovel":4,"minecraft:paper":26,"minecraft:string":171,"minecraft:oxidized_copper":1,"minecraft:spruce_sapling":56,"cataclysm:khopesh":5,"minecraft:furnace":1,"minecraft:moss_carpet":1,"minecraft:stone_sword":3,"aquamirae:terrible_sword":7,"minecraft:smooth_stone_slab":17,"minecraft:bowl":15,"minecraft:deepslate":4,"minecraft:chicken":24,"minecraft:magenta_concrete":3,"minecraft:nether_bricks":147,"minecraft:spruce_fence":13,"minecraft:lily_of_the_valley":1,"minecraft:big_dripleaf":4,"minecraft:potato":8,"minecraft:stone":4,"aquamirae:fin":22,"irons_spellbooks:mana_ring":2,"twilightforest:arctic_fur":20,"artifacts:eternal_steak":7,"minecraft:spider_eye":109,"minecraft:brown_carpet":1,"aquamirae:pirate_pouch":26,"irons_spellbooks:iron_spell_book":3,"twilightforest:raw_meef":25,"twilightforest:raw_ironwood":5,"minecraft:birch_planks":124,"minecraft:dark_oak_stairs":6,"minecraft:diamond_axe":2,"minecraft:baked_potato":5,"minecraft:stripped_birch_wood":1,"aquamirae:treasure_pouch":5,"minecraft:lantern":1,"minecraft:flint":7,"minecraft:netherite_scrap":1,"minecraft:cornflower":2,"minecraft:crimson_roots":4,"twilightforest:naga_leggings":2,"minecraft:pumpkin_pie":55,"irons_spellbooks:rotten_spell_book":2,"minecraft:polished_blackstone_bricks":6,"minecraft:glistering_melon_slice":1,"irons_spellbooks:emerald_stoneplate_ring":1,"minecraft:gravel":60,"minecraft:carrot":2,"minecraft:infested_stone_bricks":3,"minecraft:chainmail_chestplate":2,"minecraft:poppy":1,"minecraft:gunpowder":69,"artifacts:helium_flamingo":1,"aquamirae:esca":13,"minecraft:blackstone_slab":2,"minecraft:arrow":115,"twilightforest:knightmetal_sword":1,"minecraft:quartz":37,"minecraft:oak_leaves":67,"minecraft:netherrack":125,"minecraft:spawner":1,"minecraft:stripped_spruce_log":2,"aquamirae:ship_graveyard_echo":4,"minecraft:purple_terracotta":4,"minecraft:oak_slab":2,"minecraft:mossy_cobblestone":7,"minecraft:diamond_leggings":8,"minecraft:copper_ingot":1,"twilightforest:twilight_oak_sapling":2,"minecraft:grass_block":7,"minecraft:stick":21,"twilightforest:seeker_bow":4,"minecraft:diorite":244,"minecraft:brewing_stand":1,"minecraft:torch":51,"minecraft:brown_wool":1,"minecraft:iron_leggings":5,"minecraft:wither_rose":1,"cataclysm:music_disc_ancient_remnant":1,"minecraft:iron_axe":7,"artifacts:feral_claws":1,"minecraft:pink_petals":4,"minecraft:bucket":2,"minecraft:music_disc_cat":2,"minecraft:dandelion":3,"minecraft:smooth_basalt":1,"minecraft:redstone":16,"minecraft:blaze_rod":1,"minecraft:nether_wart":1,"minecraft:raw_copper":12,"artifacts:aqua_dashers":2,"minecraft:tuff":33,"minecraft:raw_iron":5,"minecraft:ender_eye":2,"minecraft:glass_pane":1,"minecraft:filled_map":9,"minecraft:shield":4,"minecraft:diamond_chestplate":8,"minecraft:orange_terracotta":1,"minecraft:iron_chestplate":7,"minecraft:golden_sword":1,"minecraft:diamond_boots":2,"minecraft:slime_ball":15,"minecraft:stone_pickaxe":3,"minecraft:raw_gold":4,"minecraft:calcite":2},"minecraft:custom":{"minecraft:interact_with_crafting_table":200,"minecraft:damage_blocked_by_shield":5858,"minecraft:play_time":4085596,"minecraft:deaths":57,"minecraft:jump":54061,"minecraft:interact_with_cartography_table":5,"minecraft:interact_with_smoker":12,"minecraft:inspect_dispenser":5,"minecraft:horse_one_cm":230,"minecraft:interact_with_anvil":54,"minecraft:inspect_hopper":3,"minecraft:tune_noteblock":3,"minecraft:time_since_rest":688056,"twilightforest:life_charms_activated":1,"minecraft:swim_one_cm":685413,"minecraft:open_chest":1850,"minecraft:damage_resisted":533,"minecraft:play_noteblock":1,"minecraft:talked_to_villager":638,"minecraft:interact_with_brewingstand":3,"minecraft:damage_dealt_resisted":4471,"minecraft:raid_win":1,"minecraft:damage_taken":169948,"minecraft:open_barrel":118,"minecraft:bell_ring":2,"minecraft:leave_game":59,"minecraft:time_since_death":2219054,"minecraft:enchant_item":11,"minecraft:interact_with_furnace":152,"minecraft:traded_with_villager":36,"minecraft:sleep_in_bed":24,"minecraft:damage_dealt":499261,"minecraft:interact_with_smithing_table":32,"minecraft:damage_dealt_absorbed":968,"minecraft:sneak_time":171890,"minecraft:interact_with_lectern":9,"minecraft:interact_with_blast_furnace":152,"minecraft:total_world_time":4085596,"twilightforest:trophy_pedestals_activated":1,"minecraft:fly_one_cm":29021639,"minecraft:fall_one_cm":1285482,"lootr:looted_stat":1248,"twilightforest:e115_slices_eaten":2,"minecraft:sprint_one_cm":7227338,"minecraft:drop":1689,"minecraft:walk_on_water_one_cm":658475,"twilightforest:uncrafting_table_interactions":9,"minecraft:interact_with_loom":1,"minecraft:open_enderchest":1,"minecraft:player_kills":8,"minecraft:crouch_one_cm":528694,"minecraft:mob_kills":2280,"minecraft:climb_one_cm":146465,"minecraft:walk_one_cm":9730626,"minecraft:walk_under_water_one_cm":1137396,"minecraft:raid_trigger":4,"minecraft:interact_with_grindstone":21,"minecraft:damage_absorbed":1839},"minecraft:killed_by":{"minecraft:zombie":1,"minecraft:drowned":2,"aquamirae:captain_cornelia":2,"aquamirae:anglerfish":2,"minecraft:skeleton":7,"minecraft:pillager":3,"minecraft:vindicator":13,"aquamirae:tortured_soul":2,"minecraft:vex":4,"cataclysm:netherite_monstrosity":1,"minecraft:wither_skeleton":3,"minecraft:player":1,"minecraft:enderman":1,"minecraft:hoglin":9,"twilightforest:redcap":1},"minecraft:used":{"minecraft:moss_block":1,"minecraft:writable_book":4,"minecraft:poppy":15,"minecraft:stone":181,"minecraft:rotten_flesh":5,"minecraft:soul_sand":13,"minecraft:snowball":1,"minecraft:azure_bluet":3,"cataclysm:infernal_forge":2,"minecraft:dark_oak_slab":3,"minecraft:netherite_boots":1,"twilightforest:nagastone":6,"minecraft:bow":236,"minecraft:cooked_cod":1,"minecraft:oak_sapling":4,"minecraft:mangrove_slab":1,"minecraft:leather_leggings":2,"minecraft:damaged_anvil":1,"cataclysm:mech_eye":9,"minecraft:chorus_fruit":7,"minecraft:blackstone":1,"minecraft:cactus":2,"minecraft:wooden_pickaxe":3,"irons_spellbooks:tarnished_helmet":2,"minecraft:composter":2,"minecraft:golden_apple":45,"minecraft:blast_furnace":3,"minecraft:deepslate_brick_stairs":1,"minecraft:birch_slab":19,"cataclysm:ignitium_helmet":5,"minecraft:cat_spawn_egg":67,"minecraft:diamond_sword":2502,"twilightforest:meef_stroganoff":1,"minecraft:smithing_table":3,"minecraft:birch_log":312,"aquamirae:dagger_of_greed":20,"minecraft:purple_wool":2,"minecraft:stripped_acacia_wood":3,"minecraft:enchanting_table":1,"minecraft:dead_tube_coral_block":2,"minecraft:orange_concrete":1,"minecraft:torch":1239,"minecraft:brewing_stand":1,"aquamirae:terrible_sword":2229,"minecraft:yellow_carpet":6,"sophisticatedbackpacks:netherite_backpack":1,"aquamirae:esca":2,"minecraft:iron_block":25,"minecraft:barrel":4,"minecraft:diamond_chestplate":11,"minecraft:basalt":7,"twilightforest:mossy_underbrick":7,"minecraft:acacia_planks":9,"minecraft:cherry_log":3,"sophisticatedbackpacks:gold_backpack":1,"minecraft:calcite":5,"minecraft:wheat_seeds":3,"minecraft:birch_planks":78,"minecraft:bundle":1,"minecraft:cherry_planks":102,"minecraft:sheep_spawn_egg":5,"minecraft:deepslate_bricks":3,"twilightforest:firefly_particle_spawner":5,"minecraft:diamond_block":43,"minecraft:campfire":2,"minecraft:white_bed":5,"minecraft:spruce_log":564,"minecraft:diamond_pickaxe":1573,"minecraft:diamond_shovel":682,"minecraft:suspicious_stew":4,"twilightforest:firefly_jar":2,"twilightforest:yeti_boots":1,"twilightforest:nagastone_head":1,"minecraft:spruce_trapdoor":30,"minecraft:spruce_sapling":129,"irons_spellbooks:dead_king_corpse_spawn_egg":1,"minecraft:potion":9,"minecraft:cooked_porkchop":101,"minecraft:porkchop":6,"minecraft:dandelion":26,"minecraft:diamond_leggings":17,"minecraft:cherry_sapling":5,"minecraft:moss_carpet":2,"minecraft:bone_block":1,"minecraft:polished_basalt":1,"minecraft:nether_wart":21,"paraglider:goddess_statue":4,"minecraft:mutton":2,"minecraft:jungle_planks":15,"minecraft:obsidian":122,"minecraft:bricks":1,"minecraft:spruce_wood":3,"minecraft:lantern":9,"twilightforest:moonworm":1,"minecraft:item_frame":27,"minecraft:gold_block":11,"cataclysm:monstrous_helm":5,"twilightforest:naga_trophy":2,"twilightforest:knightmetal_pickaxe":147,"minecraft:diamond_boots":14,"minecraft:wither_skeleton_skull":1,"minecraft:stone_pickaxe":57,"minecraft:oak_planks":459,"minecraft:sandstone":5,"minecraft:white_wool":7,"minecraft:netherite_leggings":2,"minecraft:crossbow":1,"minecraft:lever":2,"minecraft:bread":25,"cataclysm:ignited_berserker_spawn_egg":4,"minecraft:barrier":3,"minecraft:deepslate":5,"minecraft:smooth_stone_slab":22,"minecraft:stripped_cherry_log":5,"minecraft:coarse_dirt":5,"minecraft:bone_meal":117,"minecraft:orange_concrete_powder":1,"sophisticatedbackpacks:iron_backpack":4,"aquamirae:sea_stew":4,"minecraft:flint_and_steel":126,"minecraft:dirt":1618,"minecraft:spruce_fence":5,"minecraft:wooden_axe":66,"minecraft:oak_stairs":118,"minecraft:smooth_sandstone":2,"minecraft:iron_boots":6,"minecraft:soul_soil":1,"minecraft:netherite_pickaxe":349,"minecraft:cooked_beef":2,"minecraft:enchanted_golden_apple":4,"minecraft:iron_leggings":15,"twilightforest:hydra_chop":3,"twilightforest:lich_trophy":2,"minecraft:snow_block":4,"cataclysm:desert_eye":12,"minecraft:baked_potato":2,"minecraft:red_nether_bricks":154,"cataclysm:bulwark_of_the_flame":8,"minecraft:infested_stone_bricks":44,"irons_spellbooks:alchemist_cauldron":5,"minecraft:piston":1,"cataclysm:netherite_monstrosity_spawn_egg":1,"minecraft:pumpkin_pie":25,"aquamirae:painting_aurora":3,"irons_spellbooks:inscription_table":2,"minecraft:spruce_slab":5,"twilightforest:hydra_boss_spawner":1,"sophisticatedbackpacks:copper_backpack":6,"minecraft:ladder":88,"minecraft:chest":37,"twilightforest:experiment_115":2,"twilightforest:vanishing_block":9,"iammusicplayer:boombox":3,"minecraft:jungle_slab":1,"minecraft:stripped_spruce_log":18,"cataclysm:the_prowler_spawn_egg":1,"minecraft:grass_block":223,"minecraft:birch_sapling":51,"minecraft:polished_andesite_stairs":2,"minecraft:stone_brick_stairs":2,"minecraft:furnace":5,"minecraft:egg":3,"minecraft:potato":2,"cataclysm:ignis_spawn_egg":1,"minecraft:diorite":9,"minecraft:spruce_door":21,"minecraft:stripped_birch_log":9,"minecraft:red_stained_glass":1,"cataclysm:abyssal_egg":1,"twilightforest:uncrafting_table":1,"artifacts:eternal_steak":1294,"minecraft:sand":39,"minecraft:netherite_helmet":3,"twilightforest:cracked_underbrick":2,"twilightforest:ironwood_pickaxe":216,"minecraft:deepslate_tiles":3,"minecraft:cyan_carpet":2,"minecraft:lectern":430,"minecraft:wooden_sword":38,"twilightforest:dark_planks":41,"minecraft:iron_bars":4,"minecraft:stone_sword":243,"minecraft:netherrack":194,"minecraft:anvil":4,"minecraft:iron_axe":2080,"minecraft:rooted_dirt":2,"minecraft:brick_stairs":3,"minecraft:spawner":3,"minecraft:totem_of_undying":2,"minecraft:smooth_basalt":4,"minecraft:glowstone":11,"minecraft:magenta_wool":1,"minecraft:goat_horn":23,"minecraft:cobbled_deepslate":142,"minecraft:water_bucket":146,"minecraft:cartography_table":1,"minecraft:cracked_stone_bricks":8,"minecraft:polished_blackstone_bricks":18,"minecraft:tnt":10,"minecraft:crafting_table":25,"minecraft:birch_sign":4,"minecraft:oak_log":4,"minecraft:dark_prismarine":2,"minecraft:ender_eye":18,"minecraft:cornflower":2,"minecraft:oxeye_daisy":2,"minecraft:iron_pickaxe":2,"twilightforest:snow_queen_boss_spawner":1,"minecraft:cobblestone":487,"minecraft:glass_pane":108,"minecraft:kelp":21,"irons_spellbooks:arcane_anvil":1,"minecraft:iron_shovel":750,"minecraft:shield":38,"minecraft:iron_sword":871,"minecraft:zombie_spawn_egg":14,"minecraft:iron_chestplate":6,"artifacts:umbrella":52,"minecraft:nether_bricks":293,"minecraft:carrot":66,"minecraft:tuff":10,"sophisticatedbackpacks:diamond_backpack":3,"minecraft:glass":117,"minecraft:cyan_terracotta":7,"minecraft:iron_helmet":12,"minecraft:stone_bricks":119,"minecraft:red_carpet":8,"minecraft:magma_block":5,"minecraft:hay_block":1,"minecraft:scaffolding":36,"twilightforest:yeti_helmet":2,"minecraft:golden_boots":1,"minecraft:dark_oak_stairs":1,"minecraft:ender_pearl":4,"minecraft:redstone_block":1,"iammusicplayer:music_manager":3,"twilightforest:towerwood":29,"minecraft:loom":3,"minecraft:black_banner":1,"twilightforest:ironwood_axe":406,"minecraft:stone_brick_wall":38,"minecraft:note_block":1,"sophisticatedbackpacks:backpack":4,"minecraft:gravel":60,"cataclysm:ignitium_chestplate":1,"minecraft:grindstone":1,"minecraft:andesite":1,"minecraft:cobweb":1,"minecraft:experience_bottle":10,"minecraft:oak_fence":31,"twilightforest:torchberries":3,"twilightforest:glass_sword":107,"minecraft:spruce_planks":292,"minecraft:spruce_stairs":153,"minecraft:diamond_helmet":17,"minecraft:raw_iron_block":2,"minecraft:granite":10,"minecraft:stone_brick_slab":1,"minecraft:dark_oak_planks":12,"cataclysm:ignited_revenant_spawn_egg":1,"minecraft:bookshelf":27,"cataclysm:abyss_eye":8,"minecraft:golden_carrot":17,"minecraft:cooked_mutton":6,"minecraft:polished_andesite":2,"minecraft:cyan_candle":1,"minecraft:netherite_chestplate":1,"minecraft:stonecutter":1,"minecraft:terracotta":4,"twilightforest:naga_chestplate":1,"minecraft:smooth_red_sandstone_stairs":2,"minecraft:smoker":1,"minecraft:apple":3,"twilightforest:naga_leggings":2,"irons_spellbooks:scroll_forge":1,"minecraft:white_banner":3,"minecraft:bucket":1858,"minecraft:splash_potion":54}},"DataVersion":3465}