{"stats":{"minecraft:used":{"minecraft:polished_deepslate":618,"twilightforest:ice_bow":30,"minecraft:chest":29,"minecraft:shield":21,"minecraft:iron_sword":233,"lootr:trophy":5,"minecraft:player_head":2,"iammusicplayer:boombox":2,"artifacts:umbrella":6,"minecraft:jungle_planks":1,"minecraft:carrot":8,"minecraft:obsidian":3,"minecraft:snowball":4,"minecraft:tuff":11,"minecraft:glass":132,"twilightforest:snow_queen_trophy":1,"minecraft:quartz_block":1,"twilightforest:moonworm":3,"minecraft:iron_helmet":1,"minecraft:bow":8,"minecraft:cooked_cod":10,"minecraft:furnace":20,"cataclysm:coral_spear":1,"minecraft:diorite":1,"minecraft:wither_skeleton_skull":2,"minecraft:mossy_stone_bricks":1,"minecraft:chorus_fruit":1,"minecraft:oak_planks":124,"minecraft:stone_pickaxe":39,"minecraft:ender_pearl":2,"minecraft:wooden_pickaxe":10,"artifacts:eternal_steak":130,"minecraft:diamond_axe":66,"minecraft:golden_apple":15,"minecraft:golden_hoe":1,"minecraft:crossbow":6,"twilightforest:maze_wafer":2,"minecraft:birch_slab":321,"minecraft:string":1,"aquamirae:painting_oxygelium":4,"minecraft:bread":21,"minecraft:brown_wool":3,"minecraft:gravel":2,"minecraft:diamond_sword":752,"twilightforest:meef_stroganoff":1,"minecraft:smithing_table":1,"minecraft:birch_log":5,"minecraft:iron_bars":3,"minecraft:stripped_acacia_wood":1,"twilightforest:aurora_pillar":1,"minecraft:stone_sword":66,"aquamirae:sea_stew":1,"minecraft:spruce_planks":84,"twilightforest:hydra_trophy":1,"minecraft:netherrack":41,"minecraft:oak_door":3,"minecraft:torch":90,"minecraft:dirt":521,"aquamirae:terrible_sword":441,"minecraft:spruce_stairs":1,"minecraft:granite":5,"aquamirae:coral_lance":1,"minecraft:stone_brick_slab":3,"minecraft:wooden_axe":62,"minecraft:iron_axe":38,"minecraft:oak_stairs":5,"minecraft:iron_boots":1,"aquamirae:spinefish":1,"paraglider:rito_goddess_statue":6,"minecraft:golden_carrot":147,"twilightforest:moonworm_queen":12,"minecraft:cooked_beef":9,"minecraft:enchanted_golden_apple":1,"minecraft:cobbled_deepslate":12,"minecraft:pumpkin":16,"minecraft:cooked_mutton":6,"minecraft:water_bucket":39,"twilightforest:lich_trophy":1,"minecraft:snow_block":4,"minecraft:birch_planks":174,"minecraft:baked_potato":34,"minecraft:polished_deepslate_slab":1,"minecraft:diamond_block":58,"minecraft:terracotta":1,"minecraft:tnt":3,"minecraft:oak_slab":84,"minecraft:crafting_table":13,"minecraft:diamond_pickaxe":1759,"minecraft:diamond_shovel":299,"twilightforest:firefly":4,"minecraft:iron_pickaxe":133,"minecraft:stone_slab":5,"minecraft:stone_axe":107,"minecraft:potion":1,"minecraft:cobblestone":206,"minecraft:bucket":40,"minecraft:cooked_porkchop":74,"minecraft:pumpkin_pie":11,"minecraft:gray_wool":1,"minecraft:diamond_leggings":1,"minecraft:splash_potion":9},"minecraft:dropped":{"twilightforest:nagastone":1,"minecraft:iron_sword":1,"minecraft:birch_planks":19,"minecraft:diamond_axe":1,"minecraft:oak_log":29,"minecraft:ender_pearl":3,"minecraft:glass_bottle":2,"aquamirae:rune_of_the_storm":1,"minecraft:cooked_porkchop":2,"twilightforest:moonworm":1,"minecraft:stripped_birch_wood":1,"minecraft:crossbow":1,"minecraft:glow_berries":4,"minecraft:leather":21,"minecraft:mossy_stone_brick_stairs":1,"minecraft:iron_horse_armor":1,"minecraft:cracked_stone_bricks":2,"twilightforest:ore_magnet":2,"twilightforest:maze_wafer":5,"minecraft:birch_slab":1,"minecraft:leather_helmet":2,"minecraft:emerald":97,"paraglider:spirit_orb":2,"minecraft:red_mushroom":1,"minecraft:red_carpet":2,"sophisticatedbackpacks:gold_backpack":1,"artifacts:night_vision_goggles":1,"minecraft:cyan_terracotta":2,"aquamirae:three_bolt_helmet":1,"minecraft:dirt":29,"minecraft:gray_concrete":1,"minecraft:packed_ice":31,"twilightforest:firefly":1,"minecraft:crimson_roots":2,"twilightforest:aurora_block":7,"minecraft:snowball":128,"irons_spellbooks:arcane_essence":1,"minecraft:chain":1,"minecraft:gold_nugget":10,"minecraft:wooden_sword":1,"minecraft:gilded_blackstone":8,"minecraft:bone_block":1,"minecraft:sand":10,"minecraft:iron_pickaxe":2,"twilightforest:moonworm_queen":1,"minecraft:fishing_rod":1,"minecraft:white_wool":1,"minecraft:gold_ingot":8,"minecraft:bone":95,"cataclysm:music_disc_ignis":1,"minecraft:crimson_fungus":1,"minecraft:stone_axe":2,"minecraft:iron_nugget":12,"minecraft:golden_chestplate":3,"minecraft:cobbled_deepslate":2,"aquamirae:dagger_of_greed":1,"minecraft:birch_sapling":32,"minecraft:wheat":1,"minecraft:obsidian":2,"minecraft:pointed_dripstone":1,"minecraft:rotten_flesh":58,"minecraft:oak_planks":33,"iammusicplayer:boombox":1,"twilightforest:torchberries":4,"sophisticatedbackpacks:diamond_backpack":1,"minecraft:chainmail_chestplate":1,"twilightforest:hydra_trophy":1,"minecraft:turtle_helmet":1,"minecraft:gunpowder":8,"artifacts:umbrella":1,"minecraft:beetroot_seeds":4,"minecraft:chainmail_boots":1,"minecraft:ladder":5,"minecraft:leather_leggings":1,"minecraft:painting":9,"minecraft:spruce_slab":5,"minecraft:iron_bars":5,"minecraft:arrow":18,"minecraft:cyan_concrete":4,"minecraft:beef":1,"iammusicplayer:cassette_tape":2,"minecraft:quartz":39,"minecraft:netherrack":75,"minecraft:water_bucket":1,"minecraft:enchanted_book":3,"minecraft:iron_ingot":4,"minecraft:bread":28,"aquamirae:ship_graveyard_echo":6,"twilightforest:charm_of_keeping_1":4,"minecraft:wheat_seeds":16,"twilightforest:firefly_jar":1,"minecraft:lilac":1,"minecraft:diamond_leggings":4,"twilightforest:nagastone_head":2,"minecraft:iron_helmet":2,"minecraft:oak_fence":2,"minecraft:feather":6,"minecraft:cobblestone":106,"minecraft:prismarine_crystals":13,"minecraft:copper_ingot":2,"minecraft:purple_dye":1,"minecraft:grass_block":1,"minecraft:coal":13,"minecraft:mushroom_stew":1,"minecraft:stick":8,"minecraft:mossy_cobblestone_slab":1,"minecraft:diorite":2,"irons_spellbooks:common_ink":1,"minecraft:wooden_axe":3,"minecraft:rose_bush":1,"minecraft:diamond_helmet":1,"minecraft:rib_armor_trim_smithing_template":4,"minecraft:potion":1,"minecraft:iron_leggings":1,"minecraft:oak_stairs":2,"minecraft:golden_hoe":3,"minecraft:polished_basalt":3,"minecraft:mossy_cobblestone_stairs":1,"minecraft:iron_shovel":1,"minecraft:string":6,"minecraft:bucket":2,"artifacts:digging_claws":1,"minecraft:polished_deepslate":2,"minecraft:redstone":18,"twilightforest:raw_venison":2,"minecraft:stone_sword":3,"aquamirae:terrible_sword":2,"minecraft:bowl":4,"minecraft:diamond_hoe":1,"minecraft:orange_concrete":2,"twilightforest:dark_fence":1,"minecraft:iron_boots":3,"minecraft:name_tag":1,"minecraft:stripped_acacia_wood":2,"twilightforest:ironwood_pickaxe":5,"minecraft:nether_bricks":4,"minecraft:spruce_fence":7,"minecraft:flint_and_steel":2,"minecraft:diamond_sword":2,"minecraft:potato":1,"minecraft:hay_block":2,"minecraft:shroomlight":2,"minecraft:shield":1,"aquamirae:fin":4,"minecraft:crimson_slab":3,"minecraft:diamond_chestplate":3,"minecraft:piglin_banner_pattern":1,"minecraft:peony":1,"minecraft:spruce_planks":61,"minecraft:iron_chestplate":3,"minecraft:diamond_pickaxe":6,"minecraft:andesite":22,"minecraft:mossy_stone_bricks":1,"minecraft:oak_sapling":9,"artifacts:eternal_steak":1,"minecraft:golden_sword":1,"irons_spellbooks:necronomicon_spell_book":1,"minecraft:barrel":2,"minecraft:stone_bricks":5,"minecraft:spider_eye":2,"minecraft:diamond_boots":3,"minecraft:sandstone":2,"minecraft:bow":5,"minecraft:blue_orchid":2,"minecraft:stone_pickaxe":2,"minecraft:wooden_pickaxe":3,"minecraft:magma_cream":11,"twilightforest:raw_meef":1,"minecraft:vex_armor_trim_smithing_template":3,"minecraft:terracotta":1},"minecraft:killed":{"twilightforest:boar":1,"minecraft:cave_spider":4,"minecraft:witch":1,"minecraft:spider":12,"twilightforest:maze_slime":9,"minecraft:skeleton":47,"twilightforest:pinch_beetle":2,"minecraft:chicken":1,"minecraft:silverfish":3,"irons_spellbooks:summoned_skeleton":2,"artifacts:mimic":1,"twilightforest:minoshroom":1,"minecraft:cat":1,"minecraft:magma_cube":2,"twilightforest:minotaur":4,"twilightforest:slime_beetle":4,"irons_spellbooks:dead_king":1,"twilightforest:unstable_ice_core":1,"minecraft:zombie_villager":2,"minecraft:salmon":2,"minecraft:iron_golem":1,"minecraft:creeper":10,"twilightforest:skeleton_druid":3,"minecraft:sheep":6,"cataclysm:deepling_brute":1,"minecraft:pillager":1,"twilightforest:redcap":8,"minecraft:zombie":52,"minecraft:donkey":1,"cataclysm:deepling":1,"minecraft:blaze":1,"minecraft:cow":3,"twilightforest:winter_wolf":9,"twilightforest:deer":1,"twilightforest:stable_ice_core":5,"aquamirae:maze_mother":1,"minecraft:phantom":1,"twilightforest:fire_beetle":2,"minecraft:drowned":9,"twilightforest:penguin":2,"minecraft:husk":1,"cataclysm:the_watcher":3,"twilightforest:ice_crystal":3,"minecraft:bat":3,"twilightforest:kobold":1,"minecraft:hoglin":39,"aquamirae:anglerfish":1,"minecraft:wither_skeleton":29,"minecraft:villager":1,"twilightforest:yeti":10,"minecraft:enderman":1},"minecraft:custom":{"lootr:looted_stat":248,"minecraft:interact_with_crafting_table":57,"minecraft:open_barrel":21,"minecraft:leave_game":16,"minecraft:time_since_death":1972,"minecraft:damage_resisted":239,"minecraft:sprint_one_cm":2302124,"minecraft:damage_blocked_by_shield":1946,"minecraft:drop":485,"minecraft:talked_to_villager":9,"minecraft:play_time":874339,"minecraft:deaths":19,"minecraft:jump":14883,"minecraft:walk_on_water_one_cm":193399,"minecraft:interact_with_furnace":54,"minecraft:damage_dealt":78176,"minecraft:player_kills":7,"minecraft:crouch_one_cm":147236,"minecraft:interact_with_smithing_table":7,"minecraft:mob_kills":328,"minecraft:damage_dealt_resisted":92,"minecraft:climb_one_cm":56750,"minecraft:walk_one_cm":1745579,"twilightforest:keeping_charms_activated":2,"minecraft:damage_dealt_absorbed":160,"minecraft:sneak_time":39001,"minecraft:walk_under_water_one_cm":138349,"minecraft:interact_with_lectern":2,"minecraft:interact_with_blast_furnace":3,"minecraft:total_world_time":874339,"minecraft:interact_with_grindstone":3,"minecraft:time_since_rest":2023,"minecraft:damage_absorbed":884,"minecraft:damage_taken":53927,"minecraft:swim_one_cm":428963,"minecraft:fly_one_cm":3565578,"minecraft:open_chest":326,"minecraft:fall_one_cm":512078},"minecraft:picked_up":{"minecraft:wooden_axe":5,"irons_spellbooks:scroll":3,"minecraft:iron_chestplate":4,"minecraft:wheat":1,"minecraft:chainmail_boots":1,"minecraft:diamond_sword":7,"minecraft:oak_stairs":7,"minecraft:enchanted_book":5,"minecraft:golden_sword":1,"minecraft:polished_deepslate":192,"minecraft:string":26,"aquamirae:pirate_pouch":1,"minecraft:raw_copper":11,"aquamirae:dagger_of_greed":1,"minecraft:shroomlight":4,"irons_spellbooks:arcane_essence":73,"minecraft:diamond_leggings":10,"obscure_api:astral_dust":3,"minecraft:gold_nugget":55,"minecraft:cobbled_deepslate":695,"minecraft:bucket":5,"minecraft:spruce_planks":150,"irons_spellbooks:blank_rune":2,"minecraft:rose_bush":1,"minecraft:written_book":2,"minecraft:iron_pickaxe":7,"minecraft:enchanted_golden_apple":11,"twilightforest:firefly_jar":1,"minecraft:iron_boots":3,"minecraft:furnace":8,"minecraft:stick":49,"minecraft:oak_fence":2,"minecraft:torch":83,"minecraft:spruce_stairs":1,"minecraft:porkchop":214,"minecraft:pointed_dripstone":2,"minecraft:diorite":3,"minecraft:golden_chestplate":4,"minecraft:stone_sword":3,"minecraft:rotten_flesh":152,"minecraft:vex_armor_trim_smithing_template":3,"minecraft:polished_basalt":4,"minecraft:cyan_terracotta":3,"twilightforest:dark_fence":1,"minecraft:blaze_rod":1,"minecraft:obsidian":2,"minecraft:iron_bars":11,"minecraft:snowball":160,"minecraft:cobblestone":902,"minecraft:birch_log":139,"minecraft:mossy_cobblestone_slab":1,"minecraft:andesite":22,"minecraft:water_bucket":7,"minecraft:leather_chestplate":1,"minecraft:feather":9,"minecraft:lilac":1,"minecraft:magma_cream":5,"twilightforest:aurora_block":8,"minecraft:birch_slab":23,"twilightforest:ironwood_pickaxe":4,"minecraft:brown_wool":1,"twilightforest:ore_magnet":4,"minecraft:potato":2,"aquamirae:three_bolt_helmet":3,"paraglider:spirit_orb":214,"minecraft:flint":2,"minecraft:tuff":12,"minecraft:wither_skeleton_skull":3,"minecraft:gray_concrete":1,"minecraft:lapis_lazuli":523,"minecraft:dirt":638,"lootr:trophy":7,"aquamirae:fin":6,"minecraft:leather_boots":3,"cataclysm:music_disc_ignis":1,"minecraft:glass":26,"minecraft:bone":225,"minecraft:bow":10,"minecraft:wheat_seeds":16,"minecraft:raw_gold":3,"minecraft:mossy_stone_bricks":2,"minecraft:diamond_helmet":9,"minecraft:cyan_concrete":7,"aquamirae:terrible_sword":4,"minecraft:oak_planks":233,"minecraft:mossy_stone_brick_stairs":1,"minecraft:cooked_porkchop":63,"twilightforest:moonworm":4,"minecraft:stripped_acacia_wood":3,"aquamirae:painting_oxygelium":6,"minecraft:jungle_planks":1,"minecraft:sand":144,"sophisticatedbackpacks:iron_backpack":3,"minecraft:grass_block":1,"minecraft:diamond_block":11,"minecraft:spectral_arrow":15,"minecraft:barrel":2,"artifacts:plastic_drinking_hat":1,"twilightforest:charm_of_keeping_1":4,"aquamirae:rune_of_the_storm":2,"minecraft:diamond":121,"irons_spellbooks:necronomicon_spell_book":1,"minecraft:crossbow":2,"minecraft:granite":5,"minecraft:golden_apple":16,"minecraft:bread":72,"minecraft:golden_horse_armor":4,"minecraft:emerald":46,"twilightforest:arctic_fur":26,"minecraft:oak_sapling":21,"minecraft:chorus_fruit":29,"minecraft:netherrack":138,"twilightforest:torchberries":4,"minecraft:crimson_roots":2,"minecraft:diamond_pickaxe":13,"minecraft:fishing_rod":1,"sophisticatedbackpacks:gold_backpack":1,"minecraft:crafting_table":6,"minecraft:splash_potion":1,"minecraft:nether_wart":59,"minecraft:ladder":5,"minecraft:chicken":5,"minecraft:turtle_helmet":1,"minecraft:wooden_pickaxe":5,"minecraft:diamond_horse_armor":3,"twilightforest:nagastone":1,"minecraft:shield":5,"minecraft:wooden_sword":1,"minecraft:orange_concrete":2,"minecraft:iron_axe":2,"minecraft:flint_and_steel":2,"minecraft:netherite_scrap":1,"twilightforest:hydra_chop":36,"minecraft:iron_shovel":1,"minecraft:cracked_stone_bricks":2,"irons_spellbooks:conjurers_talisman":1,"twilightforest:nagastone_head":2,"minecraft:beef":37,"minecraft:player_head":3,"twilightforest:naga_scale":8,"minecraft:spruce_slab":5,"aquamirae:remnants_saber":1,"minecraft:chest":4,"minecraft:birch_sapling":48,"minecraft:diamond_hoe":1,"minecraft:egg":3,"minecraft:raw_iron":15,"minecraft:polished_deepslate_slab":1,"twilightforest:moonworm_queen":1,"minecraft:oak_door":1,"minecraft:copper_ingot":2,"minecraft:bowl":4,"minecraft:spruce_fence":8,"sophisticatedbackpacks:backpack":1,"minecraft:carrot":119,"minecraft:redstone":18,"minecraft:tnt":3,"twilightforest:raw_meef":3,"minecraft:prismarine_crystals":13,"minecraft:iron_horse_armor":1,"artifacts:everlasting_beef":4,"minecraft:diamond_chestplate":7,"minecraft:arrow":39,"minecraft:stone_shovel":1,"minecraft:pumpkin_pie":166,"minecraft:golden_hoe":3,"minecraft:peony":1,"minecraft:nether_bricks":8,"minecraft:diamond_boots":6,"minecraft:hay_block":12,"minecraft:gold_ingot":134,"minecraft:saddle":8,"sophisticatedbackpacks:copper_backpack":4,"artifacts:pocket_piston":1,"minecraft:mutton":28,"minecraft:white_wool":20,"minecraft:crimson_slab":3,"artifacts:eternal_steak":3,"minecraft:golden_carrot":263,"artifacts:digging_claws":1,"minecraft:salmon":2,"minecraft:leather":84,"minecraft:red_mushroom":1,"aquamirae:spinefish":11,"minecraft:birch_planks":332,"twilightforest:maze_wafer":24,"minecraft:crimson_fungus":1,"minecraft:oak_log":93,"minecraft:golden_boots":1,"minecraft:gunpowder":7,"twilightforest:raw_venison":2,"minecraft:red_carpet":2,"twilightforest:ironwood_ingot":16,"minecraft:apple":3,"minecraft:stone_bricks":5,"minecraft:iron_ingot":59,"minecraft:stone_pickaxe":2,"minecraft:glass_bottle":5,"minecraft:iron_sword":4,"sophisticatedbackpacks:diamond_backpack":1,"minecraft:oak_slab":16,"minecraft:emerald_block":1,"twilightforest:fiery_blood":8,"aquamirae:ship_graveyard_echo":12,"minecraft:stone_brick_slab":3,"minecraft:quartz":86,"minecraft:gravel":2,"irons_spellbooks:blood_staff":1,"minecraft:white_bed":2,"minecraft:spider_eye":8,"twilightforest:meef_stroganoff":1,"minecraft:diamond_shovel":2,"minecraft:slime_ball":22,"minecraft:stone_axe":2,"minecraft:rib_armor_trim_smithing_template":8,"minecraft:iron_helmet":1,"minecraft:diamond_axe":2,"minecraft:painting":9,"minecraft:mossy_cobblestone_stairs":1,"minecraft:terracotta":5,"twilightforest:aurora_pillar":1,"minecraft:coal":262,"minecraft:ender_pearl":7},"minecraft:killed_by":{"minecraft:wither_skeleton":3,"minecraft:magma_cube":2,"cataclysm:deepling":1,"aquamirae:captain_cornelia":1,"cataclysm:the_harbinger":1,"minecraft:player":3,"irons_spellbooks:dead_king":1,"minecraft:skeleton":1,"cataclysm:the_leviathan":2},"minecraft:broken":{"minecraft:golden_boots":1,"minecraft:diamond_helmet":2,"minecraft:iron_boots":1,"minecraft:diamond_boots":3,"twilightforest:arctic_helmet":1,"minecraft:wooden_axe":1,"minecraft:golden_chestplate":2,"minecraft:shield":1,"minecraft:leather_boots":1,"twilightforest:steeleaf_leggings":1,"minecraft:iron_helmet":1},"minecraft:crafted":{"minecraft:oak_planks":256,"minecraft:birch_slab":324,"minecraft:diamond_shovel":1,"twilightforest:arctic_leggings":1,"minecraft:cooked_mutton":8,"minecraft:quartz_block":1,"minecraft:glass":128,"minecraft:diamond_helmet":2,"minecraft:diamond_leggings":1,"twilightforest:arctic_helmet":1,"minecraft:chest":25,"minecraft:oak_slab":96,"minecraft:cooked_porkchop":72,"minecraft:diamond_axe":1,"minecraft:crafting_table":10,"minecraft:smithing_table":1,"minecraft:birch_planks":440,"minecraft:diamond_pickaxe":1,"sophisticatedbackpacks:diamond_backpack":1,"minecraft:stick":28,"twilightforest:arctic_chestplate":1,"minecraft:iron_ingot":19,"minecraft:iron_pickaxe":1,"minecraft:snow_block":4,"minecraft:stone_sword":1,"minecraft:gold_ingot":20,"twilightforest:arctic_boots":1,"minecraft:netherite_ingot":7,"minecraft:oak_door":6,"minecraft:stone_shovel":1,"minecraft:furnace":18,"minecraft:diamond":9,"minecraft:polished_deepslate":676,"minecraft:iron_axe":1,"minecraft:stone_pickaxe":1,"minecraft:diamond_boots":2,"minecraft:wheat":90,"sophisticatedbackpacks:iron_backpack":1,"minecraft:cooked_beef":5,"minecraft:diamond_sword":1,"minecraft:iron_sword":1,"sophisticatedbackpacks:gold_backpack":1,"minecraft:stone_axe":1,"minecraft:bread":30,"minecraft:air":0,"minecraft:torch":8},"minecraft:mined":{"twilightforest:cracked_etched_nagastone":1,"minecraft:spruce_planks":84,"minecraft:white_bed":1,"minecraft:orange_wool":2,"minecraft:granite":5,"minecraft:grass_block":465,"iammusicplayer:boombox":1,"minecraft:spawner":12,"minecraft:orange_concrete":2,"minecraft:iron_ore":13,"minecraft:fire":6,"minecraft:cobbled_deepslate":24,"minecraft:dark_oak_stairs":1,"minecraft:pointed_dripstone":1,"minecraft:dirt_path":1,"minecraft:iron_bars":9,"minecraft:oak_stairs":6,"minecraft:spruce_slab":3,"minecraft:player_head":2,"minecraft:tripwire":2,"minecraft:deepslate_redstone_ore":5,"minecraft:cyan_terracotta":1,"minecraft:crimson_nylium":2,"minecraft:torch":4,"twilightforest:aurora_pillar":1,"minecraft:chest":4,"minecraft:dead_bush":1,"minecraft:glass":10,"minecraft:nether_quartz_ore":70,"minecraft:wither_skeleton_wall_skull":2,"minecraft:cobblestone":26,"minecraft:oak_planks":50,"minecraft:wall_torch":11,"minecraft:cauldron":1,"minecraft:birch_sapling":1,"lootr:trophy":4,"minecraft:birch_log":141,"minecraft:lilac":2,"minecraft:tnt":3,"minecraft:grass":30,"minecraft:oak_log":93,"minecraft:sand":135,"minecraft:dirt":212,"minecraft:stripped_birch_wood":1,"minecraft:emerald_block":1,"minecraft:tripwire_hook":1,"minecraft:netherrack":180,"minecraft:deepslate":691,"minecraft:oak_leaves":30,"minecraft:infested_deepslate":2,"minecraft:tuff":12,"minecraft:red_carpet":2,"minecraft:candle":1,"minecraft:oak_door":1,"minecraft:lever":1,"minecraft:dark_oak_fence":1,"minecraft:spruce_fence":1,"minecraft:jungle_planks":6,"minecraft:crimson_roots":2,"minecraft:birch_slab":24,"minecraft:moss_block":2,"twilightforest:nagastone_head":1,"minecraft:sandstone":2,"minecraft:hay_block":12,"minecraft:furnace":4,"minecraft:polished_basalt":2,"twilightforest:dark_fence":1,"minecraft:snow":2,"minecraft:andesite":22,"aquamirae:painting_oxygelium":3,"minecraft:vine":2,"minecraft:diamond_block":11,"minecraft:peony":1,"minecraft:mossy_stone_brick_stairs":1,"minecraft:polished_deepslate":71,"twilightforest:firefly_jar":1,"twilightforest:cracked_nagastone_pillar":1,"minecraft:deepslate_iron_ore":3,"minecraft:cyan_concrete":2,"minecraft:packed_ice":43,"minecraft:stone":554,"minecraft:white_wool":3,"twilightforest:mossy_etched_nagastone":2,"minecraft:oak_slab":2,"minecraft:gray_concrete":1,"minecraft:infested_stone_bricks":1,"minecraft:snow_block":3,"minecraft:stone_brick_slab":3,"minecraft:dandelion":1,"minecraft:oak_fence":1,"minecraft:crafting_table":2,"minecraft:copper_ore":3,"minecraft:tall_grass":3,"twilightforest:nagastone":1,"minecraft:lapis_ore":131,"minecraft:deepslate_gold_ore":3,"minecraft:diorite":3,"minecraft:spruce_stairs":1,"twilightforest:moonworm":2,"minecraft:birch_planks":20,"minecraft:black_wall_banner":1,"minecraft:ice":2,"twilightforest:aurora_block":9,"minecraft:birch_leaves":7,"minecraft:coal_ore":22,"minecraft:cyan_carpet":2,"minecraft:gravel":2,"minecraft:cracked_stone_bricks":3,"minecraft:terracotta":5,"minecraft:polished_andesite":3,"minecraft:stripped_acacia_wood":3,"minecraft:stone_bricks":2,"minecraft:mossy_stone_bricks":2}},"DataVersion":3465}