{"stats":{"minecraft:used":{"minecraft:dead_horn_coral_block":2,"minecraft:chest":65,"lootr:trophy":4,"minecraft:stone":47,"minecraft:red_nether_brick_stairs":10,"minecraft:rotten_flesh":7,"minecraft:soul_sand":38,"iammusicplayer:boombox":9,"minecraft:weeping_vines":29,"minecraft:mangrove_stairs":43,"minecraft:grass_block":5,"minecraft:cherry_leaves":60,"minecraft:dark_oak_slab":1,"minecraft:stone_brick_stairs":2,"twilightforest:nagastone":1,"minecraft:bow":225,"minecraft:furnace":13,"minecraft:mangrove_slab":81,"minecraft:emerald_ore":1,"minecraft:mossy_stone_bricks":1,"minecraft:powered_rail":10,"minecraft:cut_copper_slab":6,"minecraft:red_stained_glass":82,"minecraft:leather_chestplate":1,"minecraft:wooden_pickaxe":31,"minecraft:mossy_stone_brick_stairs":1,"artifacts:eternal_steak":500,"minecraft:golden_apple":9,"minecraft:sand":38,"minecraft:blast_furnace":5,"minecraft:weathered_cut_copper_slab":1,"twilightforest:ironwood_pickaxe":1,"minecraft:lightning_rod":6,"minecraft:lectern":192,"minecraft:red_terracotta":4,"minecraft:diamond_sword":1960,"minecraft:smithing_table":17,"minecraft:waxed_cut_copper_stairs":4,"minecraft:pink_stained_glass":18,"aquamirae:dagger_of_greed":1,"minecraft:stripped_acacia_wood":5,"minecraft:enchanting_table":1,"minecraft:stone_sword":73,"minecraft:acacia_log":1,"minecraft:red_concrete":11,"minecraft:mangrove_fence":3,"twilightforest:alpha_yeti_trophy":1,"minecraft:netherrack":89,"minecraft:torch":280,"minecraft:anvil":2,"minecraft:nether_quartz_ore":6,"minecraft:shroomlight":2,"minecraft:chipped_anvil":1,"minecraft:iron_axe":3570,"minecraft:cherry_slab":21,"minecraft:bamboo":3,"minecraft:goat_horn":12,"minecraft:orange_terracotta":1,"minecraft:basalt":3,"minecraft:cobbled_deepslate":1,"artifacts:everlasting_beef":2,"minecraft:barrel":9,"minecraft:acacia_planks":70,"minecraft:cherry_fence":21,"minecraft:cherry_log":3,"twilightforest:moonworm_queen":17,"minecraft:observer":8,"minecraft:golden_axe":55,"minecraft:calcite":243,"minecraft:wheat_seeds":7,"minecraft:water_bucket":224,"minecraft:birch_planks":30,"minecraft:lead":4,"minecraft:cartography_table":11,"minecraft:cherry_planks":1640,"minecraft:leather_boots":1,"minecraft:red_bed":1,"minecraft:polished_blackstone_bricks":67,"minecraft:tnt":6,"minecraft:crafting_table":21,"minecraft:oak_slab":1,"minecraft:white_bed":3,"minecraft:campfire":2,"minecraft:cod":1,"minecraft:mangrove_sign":2,"minecraft:cake":1,"minecraft:dark_prismarine":5,"minecraft:diamond_pickaxe":2717,"minecraft:diamond_shovel":790,"minecraft:iron_pickaxe":4999,"minecraft:suspicious_stew":1,"minecraft:cyan_concrete":25,"minecraft:pink_bed":3,"minecraft:cobblestone":903,"minecraft:potion":11,"minecraft:cooked_porkchop":23,"minecraft:diamond_leggings":2,"minecraft:cherry_sapling":81,"minecraft:iron_shovel":5487,"minecraft:oak_sign":2,"minecraft:shield":259,"minecraft:iron_sword":645,"minecraft:player_head":25,"minecraft:soul_campfire":25,"minecraft:jungle_planks":19,"minecraft:carrot":1,"minecraft:cyan_wool":2,"minecraft:glass":29,"minecraft:bricks":15,"minecraft:lantern":36,"minecraft:hopper_minecart":2,"minecraft:item_frame":11,"minecraft:golden_sword":37,"minecraft:birch_trapdoor":2,"minecraft:red_nether_brick_wall":47,"minecraft:redstone_lamp":3,"minecraft:magma_block":5,"minecraft:written_book":2,"minecraft:skeleton_skull":3,"twilightforest:naga_trophy":2,"minecraft:dark_oak_stairs":2,"minecraft:wither_skeleton_skull":3,"iammusicplayer:cassette_deck":2,"minecraft:stone_pickaxe":307,"minecraft:mangrove_planks":300,"minecraft:oak_planks":1330,"minecraft:ender_pearl":3,"minecraft:sugar_cane":192,"minecraft:sandstone":2,"minecraft:diamond_axe":385,"iammusicplayer:music_manager":1,"minecraft:white_wool":1,"minecraft:yellow_terracotta":6,"minecraft:loom":2,"minecraft:light_gray_terracotta":3,"minecraft:crossbow":4,"minecraft:shears":366,"minecraft:lever":4,"minecraft:bread":157,"minecraft:string":1,"minecraft:coarse_dirt":1,"minecraft:grindstone":1,"minecraft:andesite":4,"minecraft:chain":38,"minecraft:bone_meal":6,"minecraft:stripped_cherry_log":42,"minecraft:experience_bottle":1,"minecraft:netherite_sword":773,"minecraft:oak_fence":9,"minecraft:redstone":5,"minecraft:spruce_planks":74,"minecraft:dirt":5143,"minecraft:red_nether_brick_slab":30,"minecraft:hopper":6,"minecraft:diamond_helmet":1,"minecraft:purple_banner":1,"minecraft:birch_door":2,"minecraft:dark_oak_planks":9,"minecraft:iron_hoe":27,"minecraft:wooden_axe":57,"minecraft:bookshelf":20,"minecraft:yellow_stained_glass":1,"minecraft:waxed_cut_copper":21,"minecraft:oak_stairs":1,"minecraft:smooth_sandstone":21,"minecraft:cherry_trapdoor":71,"paraglider:rito_goddess_statue":1,"minecraft:waxed_cut_copper_slab":304,"minecraft:golden_carrot":99,"minecraft:soul_soil":4,"minecraft:netherite_pickaxe":1331,"minecraft:cooked_beef":23,"aquamirae:painting_tortured_soul":8,"minecraft:enchanted_golden_apple":1,"minecraft:pumpkin":29,"minecraft:cyan_candle":1,"minecraft:baked_potato":36,"minecraft:red_nether_bricks":683,"minecraft:blue_wool":2,"minecraft:mangrove_trapdoor":22,"minecraft:terracotta":30,"minecraft:painting":36,"minecraft:dark_oak_door":1,"minecraft:flower_pot":7,"minecraft:piston":5,"minecraft:apple":2,"minecraft:cracked_polished_blackstone_bricks":7,"minecraft:map":1,"minecraft:magenta_concrete":8,"minecraft:stone_axe":155,"minecraft:fishing_rod":14,"minecraft:cherry_stairs":72,"minecraft:white_banner":1,"minecraft:bucket":234,"minecraft:pumpkin_pie":16,"aquamirae:painting_aurora":1,"minecraft:splash_potion":7,"minecraft:birch_stairs":1},"minecraft:dropped":{"sophisticatedbackpacks:iron_backpack":1,"twilightforest:nagastone":2,"minecraft:iron_sword":7,"minecraft:glass_bottle":8,"minecraft:diamond":142,"minecraft:crafting_table":1,"minecraft:crossbow":2,"minecraft:weeping_vines":1,"minecraft:dark_oak_button":1,"minecraft:cracked_stone_bricks":3,"minecraft:leather_helmet":2,"minecraft:red_mushroom":2,"minecraft:red_carpet":42,"sophisticatedbackpacks:gold_backpack":1,"twilightforest:music_disc_steps":1,"minecraft:dirt":7,"twilightforest:firefly":1,"minecraft:dark_oak_trapdoor":16,"irons_spellbooks:cinder_essence":1,"minecraft:netherite_boots":1,"minecraft:gold_nugget":12,"minecraft:sand":1,"minecraft:iron_pickaxe":7,"minecraft:dark_oak_planks":4,"iammusicplayer:parabolic_antenna":1,"minecraft:fishing_rod":1,"minecraft:white_wool":2,"minecraft:cyan_carpet":75,"minecraft:bone":2,"minecraft:stone_axe":1,"cataclysm:music_disc_ignis":1,"minecraft:sugar_cane":4,"minecraft:golden_chestplate":9,"minecraft:cobbled_deepslate":3,"aquamirae:dagger_of_greed":1,"minecraft:netherite_sword":1,"minecraft:wheat":2,"minecraft:rotten_flesh":12,"minecraft:oak_planks":292,"minecraft:enchanted_golden_apple":3,"minecraft:glowstone_dust":2,"artifacts:everlasting_beef":1,"minecraft:salmon":38,"minecraft:warped_planks":12,"artifacts:umbrella":2,"minecraft:leather_boots":1,"minecraft:ladder":4,"minecraft:leather_leggings":5,"minecraft:spruce_slab":1,"minecraft:end_stone_bricks":4,"minecraft:glass":15,"cataclysm:infernal_forge":1,"minecraft:enchanted_book":2,"aquamirae:sharp_bones":2,"minecraft:stone_brick_stairs":5,"minecraft:dead_tube_coral_block":1,"minecraft:egg":1,"minecraft:wheat_seeds":22,"cataclysm:athame":2,"minecraft:netherite_chestplate":1,"minecraft:oak_fence":8,"minecraft:iron_helmet":2,"minecraft:cobblestone":33,"minecraft:book":2,"minecraft:polished_blackstone_button":2,"minecraft:yellow_carpet":7,"minecraft:coal":64,"minecraft:pufferfish":1,"minecraft:diamond_horse_armor":4,"minecraft:rose_bush":1,"minecraft:cherry_planks":2,"artifacts:plastic_drinking_hat":2,"minecraft:diamond_helmet":1,"minecraft:potion":1,"minecraft:dead_bush":4,"minecraft:smooth_sandstone_slab":2,"minecraft:white_banner":6,"minecraft:mossy_cobblestone_stairs":1,"aquamirae:sea_stew":1,"minecraft:iron_shovel":24,"minecraft:blue_carpet":3,"minecraft:string":19,"minecraft:smooth_sandstone":17,"minecraft:gray_carpet":2,"minecraft:spruce_sapling":2,"minecraft:bricks":5,"minecraft:soul_soil":1,"minecraft:player_head":1,"minecraft:bowl":2,"iammusicplayer:radio_antenna":2,"minecraft:iron_boots":9,"minecraft:light_gray_concrete":6,"minecraft:magenta_concrete":4,"minecraft:shears":3,"minecraft:lightning_rod":4,"minecraft:suspicious_stew":1,"minecraft:blast_furnace":1,"minecraft:diamond_sword":8,"minecraft:cyan_wool":7,"minecraft:stone":5,"minecraft:sea_pickle":2,"minecraft:crimson_slab":3,"paraglider:rito_goddess_statue":1,"minecraft:spruce_planks":10,"minecraft:diamond_pickaxe":3,"aquamirae:spinefish":3,"artifacts:eternal_steak":2,"minecraft:spider_eye":2,"minecraft:barrel":2,"minecraft:stone_bricks":9,"minecraft:brown_carpet":7,"aquamirae:pirate_pouch":1,"minecraft:sandstone":5,"minecraft:bow":9,"minecraft:blue_orchid":5,"minecraft:magenta_dye":1,"minecraft:black_wool":1,"minecraft:nether_brick_stairs":1,"minecraft:crimson_nylium":1,"minecraft:soul_sand":2,"minecraft:birch_planks":1,"minecraft:dark_oak_stairs":1,"minecraft:diamond_axe":2,"twilightforest:moonworm":1,"minecraft:stripped_birch_wood":2,"minecraft:weathered_cut_copper_slab":1,"artifacts:flippers":1,"twilightforest:ore_magnet":1,"artifacts:night_vision_goggles":1,"minecraft:cracked_polished_blackstone_bricks":20,"minecraft:snowball":37,"minecraft:gilded_blackstone":1,"minecraft:polished_blackstone_bricks":10,"minecraft:stripped_oak_wood":1,"twilightforest:moonworm_queen":1,"minecraft:gold_ingot":33,"cataclysm:remnant_skull":1,"minecraft:crimson_fungus":1,"minecraft:blackstone":9,"minecraft:cherry_sapling":1,"minecraft:diamond_shovel":2,"minecraft:beehive":1,"minecraft:honey_bottle":1,"twilightforest:torchberries":1,"sophisticatedbackpacks:diamond_backpack":3,"minecraft:oak_fence_gate":1,"minecraft:leather_chestplate":1,"minecraft:turtle_helmet":1,"minecraft:birch_trapdoor":12,"minecraft:birch_door":5,"twilightforest:knightmetal_sword":1,"minecraft:arrow":5,"minecraft:stripped_spruce_log":1,"minecraft:written_book":2,"minecraft:polished_granite":8,"minecraft:splash_potion":4,"minecraft:netherrack":104,"minecraft:bread":3,"aquamirae:ship_graveyard_echo":1,"minecraft:golden_helmet":1,"minecraft:diamond_leggings":11,"minecraft:golden_axe":2,"minecraft:smooth_red_sandstone":2,"minecraft:brewing_stand":2,"minecraft:repeater":1,"minecraft:smooth_quartz":2,"minecraft:iron_door":1,"minecraft:iron_leggings":1,"minecraft:wither_rose":1,"minecraft:cyan_candle":1,"minecraft:iron_axe":2,"twilightforest:raven_feather":3,"minecraft:music_disc_cat":1,"minecraft:dandelion":1,"minecraft:redstone":3,"minecraft:blue_terracotta":2,"twilightforest:raw_venison":6,"minecraft:composter":2,"minecraft:wither_skeleton_skull":1,"twilightforest:red_thread":9,"minecraft:filled_map":1,"minecraft:shield":6,"minecraft:diamond_chestplate":15,"minecraft:iron_chestplate":3,"minecraft:andesite":6,"minecraft:pink_wool":11,"minecraft:quartz_stairs":1,"minecraft:golden_leggings":5,"artifacts:pocket_piston":2,"minecraft:oak_sapling":12,"minecraft:golden_sword":2,"minecraft:diamond_boots":4,"minecraft:stone_pickaxe":1,"minecraft:wooden_pickaxe":1,"minecraft:nautilus_shell":1},"minecraft:custom":{"minecraft:interact_with_crafting_table":195,"minecraft:open_barrel":93,"minecraft:bell_ring":3,"minecraft:leave_game":47,"minecraft:time_since_death":84679,"minecraft:damage_blocked_by_shield":21412,"minecraft:play_time":3462117,"minecraft:deaths":50,"minecraft:jump":29743,"minecraft:enchant_item":8,"minecraft:interact_with_furnace":62,"minecraft:traded_with_villager":45,"minecraft:interact_with_cartography_table":2,"minecraft:sleep_in_bed":19,"minecraft:damage_dealt":146935,"minecraft:interact_with_smithing_table":24,"minecraft:inspect_dispenser":3,"minecraft:horse_one_cm":37489,"minecraft:interact_with_anvil":35,"minecraft:inspect_hopper":34,"minecraft:sneak_time":237901,"minecraft:interact_with_blast_furnace":11,"minecraft:total_world_time":3462117,"minecraft:interact_with_stonecutter":1,"minecraft:time_since_rest":27492,"twilightforest:life_charms_activated":1,"minecraft:swim_one_cm":160972,"minecraft:fly_one_cm":11189016,"minecraft:open_chest":1273,"minecraft:fish_caught":6,"minecraft:fall_one_cm":1833602,"lootr:looted_stat":596,"minecraft:animals_bred":2,"minecraft:damage_resisted":49,"minecraft:sprint_one_cm":3828466,"minecraft:drop":663,"minecraft:play_noteblock":14,"minecraft:talked_to_villager":697,"minecraft:walk_on_water_one_cm":423546,"minecraft:player_kills":3,"minecraft:crouch_one_cm":638148,"minecraft:mob_kills":692,"minecraft:damage_dealt_resisted":485,"minecraft:climb_one_cm":70545,"minecraft:walk_one_cm":9048679,"minecraft:raid_win":1,"minecraft:walk_under_water_one_cm":696547,"minecraft:pot_flower":7,"minecraft:interact_with_grindstone":12,"minecraft:damage_taken":96009,"minecraft:damage_absorbed":203},"minecraft:killed":{"twilightforest:boar":1,"minecraft:cave_spider":12,"twilightforest:alpha_yeti":1,"twilightforest:lich_minion":1,"minecraft:skeleton":180,"twilightforest:pinch_beetle":3,"minecraft:chicken":2,"minecraft:cat":28,"minecraft:magma_cube":1,"minecraft:pillager":39,"minecraft:zombie":136,"cataclysm:deepling":1,"minecraft:cow":9,"twilightforest:squirrel":1,"twilightforest:winter_wolf":23,"twilightforest:deer":4,"minecraft:vindicator":10,"twilightforest:death_tome":1,"minecraft:husk":12,"irons_spellbooks:citadel_keeper":2,"twilightforest:kobold":2,"twilightforest:redcap_sapper":2,"minecraft:frog":1,"minecraft:ravager":1,"twilightforest:wraith":1,"minecraft:enderman":4,"minecraft:witch":2,"minecraft:spider":16,"aquamirae:tortured_soul":4,"minecraft:bee":2,"aquamirae:golden_moth":1,"minecraft:piglin_brute":14,"twilightforest:slime_beetle":5,"minecraft:piglin":20,"minecraft:pig":5,"minecraft:zombie_villager":2,"twilightforest:raven":1,"irons_spellbooks:necromancer":1,"minecraft:creeper":6,"twilightforest:skeleton_druid":2,"twilightforest:mist_wolf":1,"minecraft:sheep":5,"twilightforest:redcap":14,"minecraft:ghast":2,"minecraft:vex":2,"irons_spellbooks:summoned_zombie":1,"twilightforest:fire_beetle":3,"twilightforest:naga":3,"minecraft:drowned":1,"aquamirae:maw":1,"minecraft:bat":1,"minecraft:hoglin":7,"minecraft:squid":2,"aquamirae:anglerfish":2,"minecraft:wither_skeleton":9,"minecraft:villager":7,"twilightforest:yeti":17},"minecraft:picked_up":{"minecraft:wooden_axe":2,"minecraft:birch_door":8,"minecraft:iron_chestplate":7,"minecraft:flower_pot":14,"minecraft:suspicious_stew":1,"minecraft:smithing_table":13,"twilightforest:naga_trophy":1,"minecraft:lead":2,"minecraft:diamond_sword":31,"minecraft:oak_stairs":10,"minecraft:wither_rose":3,"minecraft:enchanted_book":3,"minecraft:brewing_stand":3,"minecraft:golden_sword":2,"minecraft:polished_deepslate_wall":14,"minecraft:polished_deepslate":8,"minecraft:string":105,"minecraft:dark_oak_trapdoor":17,"minecraft:soul_soil":24,"minecraft:red_nether_bricks":1383,"twilightforest:steeleaf_ingot":7,"minecraft:pufferfish":1,"minecraft:shroomlight":31,"minecraft:diamond_leggings":19,"minecraft:gold_nugget":237,"minecraft:cobbled_deepslate":249,"minecraft:spruce_planks":213,"minecraft:written_book":3,"minecraft:hopper_minecart":2,"minecraft:enchanted_golden_apple":3,"minecraft:coal_block":1,"minecraft:dark_oak_door":2,"minecraft:golden_helmet":1,"minecraft:beehive":2,"minecraft:weathered_cut_copper_slab":2,"twilightforest:magic_map":1,"minecraft:magenta_concrete_powder":4,"minecraft:composter":2,"minecraft:acacia_log":30,"minecraft:golden_axe":2,"minecraft:lightning_rod":34,"minecraft:cherry_log":666,"minecraft:warped_planks":5,"aquamirae:esca":16,"minecraft:golden_chestplate":5,"minecraft:cauldron":1,"minecraft:pink_terracotta":1,"minecraft:brown_carpet":7,"minecraft:waxed_cut_copper_stairs":196,"minecraft:stone_sword":2,"minecraft:honey_bottle":1,"minecraft:iron_block":14,"minecraft:polished_basalt":11,"twilightforest:seeker_bow":1,"minecraft:red_tulip":1,"minecraft:cyan_terracotta":8,"minecraft:glowstone":22,"minecraft:bookshelf":22,"minecraft:white_terracotta":2,"minecraft:netherite_chestplate":4,"minecraft:waxed_cut_copper":29,"minecraft:iron_bars":6,"minecraft:snowball":402,"minecraft:birch_log":74,"minecraft:magma_block":9,"minecraft:feather":2,"minecraft:water_bucket":7,"minecraft:iron_door":1,"minecraft:cherry_leaves":198,"twilightforest:ironwood_pickaxe":1,"minecraft:brown_wool":1,"twilightforest:ore_magnet":4,"minecraft:flint":2,"minecraft:cherry_fence":11,"iammusicplayer:cassette_deck":2,"minecraft:netherite_leggings":3,"minecraft:gray_concrete":3,"minecraft:cyan_concrete_powder":1,"minecraft:mangrove_slab":74,"minecraft:lantern":15,"lootr:trophy":7,"aquamirae:fin":125,"cataclysm:koboleton_bone":27,"minecraft:chipped_anvil":1,"iammusicplayer:radio_antenna":2,"minecraft:rabbit":2,"minecraft:diamond_helmet":13,"minecraft:glowstone_dust":5,"minecraft:moss_block":42,"minecraft:stripped_acacia_wood":8,"aquamirae:anglers_fang":14,"twilightforest:canopy_log":41,"minecraft:stripped_spruce_log":1,"sophisticatedbackpacks:iron_backpack":2,"minecraft:ink_sac":2,"minecraft:red_terracotta":69,"minecraft:barrel":26,"minecraft:iron_hoe":1,"minecraft:polished_andesite":19,"minecraft:blue_terracotta":2,"minecraft:deepslate":2,"aquamirae:rune_of_the_storm":1,"minecraft:lever":2,"minecraft:granite":6,"sophisticatedbackpacks:gold_backpack":1,"minecraft:bread":146,"minecraft:golden_horse_armor":1,"minecraft:chainmail_helmet":1,"minecraft:cherry_slab":20,"minecraft:dark_oak_fence":5,"minecraft:bricks":20,"minecraft:crimson_roots":1,"minecraft:diamond_pickaxe":6,"minecraft:crafting_table":8,"minecraft:purple_wool":1,"minecraft:nether_wart":10,"minecraft:clay_ball":372,"minecraft:leather_leggings":13,"minecraft:redstone_lamp":1,"minecraft:stripped_cherry_log":147,"minecraft:dead_horn_coral_block":2,"minecraft:stripped_mangrove_log":37,"minecraft:flint_and_steel":1,"aquamirae:sharp_bones":20,"minecraft:red_bed":3,"twilightforest:filled_magic_map":1,"minecraft:netherite_scrap":12,"minecraft:compass":3,"minecraft:iron_shovel":34,"minecraft:cracked_stone_bricks":6,"minecraft:cartography_table":11,"minecraft:netherite_sword":4,"aquamirae:dead_sea_scroll":1,"minecraft:beef":22,"minecraft:cyan_wool":29,"twilightforest:naga_scale":20,"minecraft:iron_nugget":38,"minecraft:poppy":9,"minecraft:spruce_slab":26,"minecraft:quartz_stairs":1,"minecraft:chest":23,"minecraft:birch_sapling":23,"minecraft:piston":5,"minecraft:egg":17,"minecraft:sandstone":8,"minecraft:polished_deepslate_slab":1,"minecraft:stone":124,"minecraft:raw_gold_block":3,"twilightforest:red_thread":9,"sophisticatedbackpacks:backpack":1,"minecraft:spruce_fence":7,"minecraft:netherite_pickaxe":2,"minecraft:cake":5,"minecraft:mangrove_sign":6,"minecraft:carrot":119,"minecraft:redstone":210,"minecraft:red_nether_brick_wall":16,"minecraft:blue_carpet":3,"twilightforest:firefly":1,"minecraft:tnt":24,"artifacts:everlasting_beef":4,"minecraft:stone_shovel":1,"minecraft:diamond_chestplate":18,"minecraft:cooked_cod":8,"minecraft:beetroot_seeds":7,"minecraft:diamond_boots":6,"minecraft:peony":26,"aquamirae:sea_stew":3,"iammusicplayer:parabolic_antenna":1,"minecraft:shears":3,"minecraft:deepslate_bricks":1,"minecraft:purpur_slab":120,"minecraft:hay_block":203,"minecraft:yellow_terracotta":7,"minecraft:gold_ingot":182,"aquamirae:treasure_pouch":1,"artifacts:pocket_piston":2,"sophisticatedbackpacks:copper_backpack":4,"minecraft:polished_blackstone":2,"minecraft:glow_berries":17,"minecraft:mutton":52,"minecraft:emerald_ore":1,"minecraft:white_wool":21,"minecraft:bone_block":29,"minecraft:crimson_slab":3,"minecraft:smooth_red_sandstone":2,"minecraft:fern":1,"minecraft:red_mushroom":4,"aquamirae:spinefish":75,"minecraft:acacia_wood":1,"minecraft:filled_map":5,"minecraft:purpur_stairs":1,"minecraft:oak_log":533,"twilightforest:twilight_oak_leaves":87,"minecraft:paper":67,"minecraft:white_banner":23,"twilightforest:raw_venison":11,"sophisticatedbackpacks:upgrade_base":2,"minecraft:apple":84,"minecraft:stone_bricks":45,"minecraft:kelp":506,"minecraft:warped_stem":21,"minecraft:yellow_stained_glass":1,"minecraft:oak_fence_gate":1,"minecraft:stone_pickaxe":14,"minecraft:iron_ore":53,"minecraft:glass_bottle":19,"minecraft:mangrove_planks":66,"minecraft:iron_sword":4,"minecraft:flowering_azalea":2,"minecraft:dark_oak_stairs":9,"minecraft:dark_oak_slab":1,"aquamirae:ship_graveyard_echo":12,"minecraft:yellow_concrete":21,"minecraft:gravel":36,"minecraft:birch_stairs":2,"minecraft:spruce_sapling":2,"minecraft:spruce_log":66,"minecraft:leather_helmet":9,"minecraft:diamond_shovel":1,"minecraft:coal_ore":1,"minecraft:slime_ball":6,"minecraft:stone_axe":3,"minecraft:rib_armor_trim_smithing_template":3,"twilightforest:raven_feather":3,"twilightforest:raw_ironwood":12,"minecraft:diamond_axe":2,"minecraft:painting":58,"minecraft:gray_wool":3,"minecraft:warped_roots":1,"minecraft:red_nether_brick_slab":37,"minecraft:baked_potato":31,"minecraft:crimson_nylium":1,"minecraft:hopper":6,"irons_spellbooks:scroll":1,"minecraft:ender_pearl":30,"twilightforest:cicada_jar":1,"minecraft:black_carpet":1,"minecraft:wheat":242,"artifacts:umbrella":2,"minecraft:stone_brick_stairs":7,"minecraft:crimson_planks":2,"minecraft:dead_tube_coral_block":1,"minecraft:waxed_cut_copper_slab":480,"aquamirae:pirate_pouch":60,"minecraft:raw_copper":95,"minecraft:iron_leggings":5,"aquamirae:dagger_of_greed":1,"minecraft:armor_stand":1,"minecraft:purple_banner":1,"minecraft:oak_sign":1,"minecraft:sea_pickle":4,"irons_spellbooks:arcane_essence":28,"minecraft:bucket":6,"minecraft:rose_bush":7,"minecraft:calcite":343,"cataclysm:khopesh":8,"minecraft:iron_pickaxe":22,"minecraft:smooth_quartz":35,"minecraft:smooth_quartz_stairs":9,"twilightforest:firefly_jar":4,"minecraft:furnace":1,"minecraft:iron_boots":14,"aquamirae:painting_tortured_soul":10,"minecraft:blue_wool":4,"minecraft:tipped_arrow":10,"minecraft:stick":198,"minecraft:oak_fence":9,"minecraft:birch_trapdoor":14,"minecraft:brown_terracotta":1,"minecraft:torch":823,"twilightforest:music_disc_steps":1,"minecraft:spruce_stairs":4,"minecraft:porkchop":72,"minecraft:diorite":48,"minecraft:quartz_block":1,"minecraft:mangrove_stairs":36,"minecraft:rotten_flesh":309,"cataclysm:athame":2,"twilightforest:ice_bow":1,"minecraft:stripped_birch_wood":2,"minecraft:obsidian":7,"iammusicplayer:boombox":8,"minecraft:cod":76,"minecraft:cobblestone":3200,"minecraft:nautilus_shell":1,"minecraft:pink_petals":7,"minecraft:leather_chestplate":10,"twilightforest:twilight_oak_log":20,"minecraft:lilac":12,"minecraft:magma_cream":1,"minecraft:repeater":1,"minecraft:cherry_planks":542,"minecraft:andesite":11,"minecraft:golden_leggings":2,"minecraft:chiseled_quartz_block":7,"minecraft:potato":213,"aquamirae:three_bolt_helmet":1,"paraglider:spirit_orb":552,"minecraft:tuff":17,"minecraft:wither_skeleton_skull":5,"aquamirae:painting_aurora":3,"minecraft:lapis_lazuli":45,"minecraft:dirt":6363,"minecraft:polished_granite":8,"minecraft:name_tag":1,"cataclysm:music_disc_ignis":1,"minecraft:leather_boots":6,"minecraft:mangrove_fence":3,"minecraft:glass":359,"minecraft:bone":238,"minecraft:acacia_planks":113,"minecraft:bow":28,"minecraft:wheat_seeds":94,"aquamirae:wisteria_niveis":15,"minecraft:grindstone":1,"minecraft:bamboo":9,"minecraft:mossy_stone_bricks":1,"minecraft:fletching_table":1,"minecraft:cyan_candle":4,"minecraft:powered_rail":10,"minecraft:cyan_concrete":36,"minecraft:oak_planks":1921,"minecraft:mossy_stone_brick_stairs":2,"minecraft:pink_concrete":1,"minecraft:cooked_porkchop":23,"twilightforest:moonworm":5,"minecraft:jungle_planks":43,"minecraft:sand":594,"minecraft:nether_brick_stairs":4,"minecraft:grass_block":29,"minecraft:dead_bush":1,"minecraft:lily_of_the_valley":7,"minecraft:diamond_block":41,"minecraft:orange_wool":2,"minecraft:dark_prismarine":193,"artifacts:plastic_drinking_hat":1,"minecraft:light_gray_concrete":21,"minecraft:light_gray_terracotta":13,"minecraft:dark_prismarine_slab":33,"minecraft:yellow_carpet":7,"minecraft:diamond":85,"minecraft:netherite_helmet":4,"minecraft:soul_lantern":18,"minecraft:polished_blackstone_button":2,"minecraft:cracked_polished_blackstone_bricks":27,"minecraft:crossbow":5,"minecraft:golden_apple":24,"minecraft:emerald":298,"twilightforest:arctic_fur":48,"minecraft:oak_sapling":105,"minecraft:netherrack":281,"twilightforest:torchberries":6,"minecraft:oak_leaves":67,"minecraft:end_stone_bricks":4,"minecraft:charcoal":22,"minecraft:fishing_rod":2,"artifacts:night_vision_goggles":1,"minecraft:splash_potion":3,"minecraft:chicken":4,"minecraft:ladder":32,"minecraft:turtle_helmet":2,"minecraft:wooden_pickaxe":3,"minecraft:gold_block":28,"twilightforest:nagastone":3,"minecraft:chain":14,"minecraft:shield":23,"minecraft:oak_trapdoor":1,"minecraft:iron_axe":17,"minecraft:orange_concrete":2,"minecraft:wooden_sword":1,"minecraft:item_frame":4,"minecraft:cyan_carpet":94,"minecraft:magenta_wool":1,"minecraft:blackstone":10,"minecraft:blue_orchid":5,"paraglider:rito_goddess_statue":2,"minecraft:player_head":41,"minecraft:observer":8,"minecraft:lectern":187,"minecraft:sugar_cane":1260,"minecraft:spruce_trapdoor":1,"minecraft:cherry_trapdoor":34,"minecraft:stripped_crimson_hyphae":81,"minecraft:raw_iron":79,"minecraft:stripped_mangrove_wood":515,"minecraft:cherry_stairs":55,"twilightforest:moonworm_queen":2,"minecraft:copper_ingot":19,"minecraft:bowl":3,"minecraft:note_block":9,"minecraft:polished_blackstone_bricks":82,"minecraft:dark_oak_planks":179,"minecraft:smooth_sandstone_slab":2,"minecraft:arrow":217,"minecraft:weeping_vines":32,"minecraft:pumpkin_pie":7,"minecraft:golden_hoe":1,"minecraft:nether_bricks":13,"minecraft:stripped_dark_oak_wood":8,"minecraft:saddle":13,"minecraft:glistering_melon_slice":31,"minecraft:skeleton_skull":5,"minecraft:netherite_boots":5,"minecraft:basalt":40,"minecraft:dark_oak_button":1,"artifacts:eternal_steak":27,"minecraft:golden_carrot":125,"artifacts:digging_claws":1,"minecraft:glow_ink_sac":2,"minecraft:salmon":132,"minecraft:leather":57,"minecraft:birch_planks":282,"minecraft:crimson_fungus":1,"minecraft:waxed_copper_block":5,"artifacts:cloud_in_a_bottle":1,"minecraft:nether_wart_block":2,"minecraft:gunpowder":44,"minecraft:orange_terracotta":15,"cataclysm:infernal_forge":1,"minecraft:smooth_sandstone":111,"minecraft:red_carpet":49,"minecraft:coast_armor_trim_smithing_template":28,"minecraft:red_nether_brick_stairs":2,"minecraft:gray_carpet":6,"cataclysm:sandstorm_in_a_bottle":1,"minecraft:iron_ingot":690,"minecraft:stripped_oak_wood":1,"twilightforest:transformation_powder":3,"irons_spellbooks:cinder_essence":2,"minecraft:acacia_sapling":2,"minecraft:soul_sand":93,"sophisticatedbackpacks:diamond_backpack":3,"minecraft:book":14,"minecraft:oak_slab":6,"minecraft:pink_bed":1,"minecraft:nether_quartz_ore":6,"minecraft:emerald_block":1,"minecraft:pumpkin":3,"minecraft:quartz":668,"minecraft:dandelion":4,"twilightforest:knightmetal_sword":1,"cataclysm:remnant_skull":1,"minecraft:blast_furnace":7,"minecraft:white_bed":5,"minecraft:nether_brick_slab":10,"minecraft:green_carpet":2,"minecraft:spider_eye":5,"minecraft:iron_helmet":5,"minecraft:cherry_sapling":163,"minecraft:mossy_cobblestone_stairs":1,"minecraft:terracotta":83,"minecraft:magenta_concrete":12,"minecraft:acacia_slab":1,"minecraft:black_wool":1,"minecraft:red_concrete":11,"minecraft:coal":975,"minecraft:sunflower":3},"minecraft:killed_by":{"minecraft:pillager":1,"twilightforest:wraith":1,"minecraft:vindicator":9,"aquamirae:tortured_soul":1,"minecraft:vex":8,"minecraft:wither_skeleton":1,"minecraft:creeper":1,"aquamirae:captain_cornelia":1,"minecraft:player":7,"minecraft:hoglin":5,"minecraft:skeleton":7,"cataclysm:ancient_remnant":3},"minecraft:broken":{"minecraft:diamond_helmet":1,"minecraft:iron_boots":1,"minecraft:iron_chestplate":1,"minecraft:iron_leggings":1,"minecraft:golden_sword":1,"minecraft:diamond_pickaxe":1,"minecraft:leather_helmet":1,"minecraft:shield":4,"minecraft:iron_axe":12,"minecraft:iron_pickaxe":6,"minecraft:iron_helmet":2,"minecraft:iron_shovel":19,"minecraft:stone_pickaxe":1,"minecraft:diamond_sword":1,"minecraft:diamond_chestplate":2,"minecraft:leather_chestplate":1,"minecraft:golden_axe":1,"minecraft:leather_boots":1},"minecraft:crafted":{"minecraft:oak_sign":3,"minecraft:waxed_cut_copper_slab":24,"minecraft:pink_bed":2,"minecraft:chain":41,"iammusicplayer:boombox":1,"minecraft:loom":2,"sophisticatedbackpacks:crafting_upgrade":1,"minecraft:lever":3,"minecraft:diamond_shovel":2,"minecraft:bookshelf":4,"sophisticatedbackpacks:smelting_upgrade":1,"minecraft:glass":103,"minecraft:diamond_helmet":2,"minecraft:diamond_leggings":2,"minecraft:mangrove_stairs":24,"minecraft:birch_door":3,"minecraft:magenta_dye":2,"minecraft:flower_pot":4,"minecraft:emerald":82,"minecraft:soul_campfire":21,"minecraft:cooked_porkchop":21,"minecraft:diamond_axe":1,"iammusicplayer:cassette_tape":1,"minecraft:smithing_table":4,"minecraft:copper_ingot":38,"twilightforest:canopy_door":3,"minecraft:campfire":2,"minecraft:lectern":7,"minecraft:stone_slab":6,"minecraft:red_nether_brick_stairs":16,"minecraft:iron_pickaxe":4,"minecraft:iron_block":45,"minecraft:gold_ingot":54,"minecraft:netherite_ingot":10,"minecraft:waxed_cut_copper":4,"minecraft:jukebox":2,"minecraft:iron_nugget":252,"sophisticatedbackpacks:stack_upgrade_tier_1":1,"minecraft:bone_meal":57,"minecraft:pink_dye":28,"minecraft:cherry_trapdoor":54,"minecraft:lantern":21,"twilightforest:twilight_oak_planks":16,"minecraft:cherry_stairs":36,"minecraft:stone_pickaxe":4,"minecraft:diamond_boots":1,"twilightforest:canopy_planks":164,"minecraft:redstone_block":12,"iammusicplayer:parabolic_antenna":1,"minecraft:lead":2,"minecraft:golden_helmet":1,"minecraft:netherite_pickaxe":1,"minecraft:cut_copper_slab":6,"minecraft:enchanting_table":1,"iammusicplayer:radio_antenna":1,"sophisticatedbackpacks:gold_backpack":1,"minecraft:enchanted_book":8,"minecraft:red_stained_glass":64,"minecraft:wooden_axe":2,"minecraft:iron_shovel":6,"minecraft:iron_leggings":1,"minecraft:note_block":4,"minecraft:mangrove_slab":36,"minecraft:grindstone":1,"minecraft:oak_planks":1332,"iammusicplayer:music_manager":1,"minecraft:barrel":3,"minecraft:cherry_slab":66,"twilightforest:arctic_leggings":1,"minecraft:warped_planks":8,"minecraft:hopper":5,"minecraft:mangrove_fence":3,"minecraft:iron_boots":1,"twilightforest:arctic_helmet":1,"minecraft:chest":48,"minecraft:netherite_helmet":1,"iammusicplayer:cassette_tape_glass":1,"minecraft:copper_block":5,"minecraft:netherite_upgrade_smithing_template":12,"minecraft:red_nether_brick_slab":30,"minecraft:oak_fence":12,"minecraft:cherry_fence":27,"minecraft:item_frame":2,"minecraft:cauldron":1,"minecraft:crafting_table":19,"minecraft:spruce_planks":4,"minecraft:wooden_pickaxe":3,"minecraft:iron_helmet":1,"minecraft:cherry_button":1,"minecraft:mangrove_trapdoor":24,"minecraft:gold_block":49,"minecraft:hopper_minecart":1,"minecraft:birch_planks":296,"sophisticatedbackpacks:upgrade_base":5,"minecraft:dark_oak_slab":6,"minecraft:book":4,"minecraft:iron_chestplate":1,"minecraft:pink_wool":6,"minecraft:paper":75,"minecraft:diamond_pickaxe":4,"minecraft:charcoal":15,"minecraft:shield":13,"sophisticatedbackpacks:diamond_backpack":1,"minecraft:stick":260,"minecraft:iron_ingot":95,"twilightforest:arctic_chestplate":1,"minecraft:stone_sword":4,"twilightforest:arctic_boots":1,"minecraft:red_nether_brick_wall":42,"minecraft:shears":5,"minecraft:cherry_planks":1696,"artifacts:eternal_steak":1,"minecraft:fishing_rod":1,"minecraft:netherite_sword":1,"iammusicplayer:cassette_deck":1,"minecraft:furnace":15,"minecraft:piston":5,"minecraft:glass_pane":16,"minecraft:netherite_leggings":1,"minecraft:iron_axe":16,"minecraft:iron_hoe":1,"sophisticatedbackpacks:stack_upgrade_tier_2":1,"minecraft:minecart":1,"minecraft:observer":5,"sophisticatedbackpacks:iron_backpack":1,"minecraft:cooked_beef":3,"minecraft:red_dye":25,"minecraft:diamond_sword":4,"minecraft:powered_rail":6,"minecraft:iron_sword":1,"minecraft:mangrove_planks":488,"minecraft:bucket":11,"minecraft:stone_axe":4,"minecraft:white_dye":4,"minecraft:raw_gold":27,"minecraft:anvil":2,"minecraft:acacia_planks":116,"minecraft:torch":372,"minecraft:diamond_chestplate":1},"minecraft:mined":{"minecraft:blue_carpet":2,"minecraft:white_bed":3,"minecraft:cyan_candle_cake":1,"minecraft:pink_bed":1,"minecraft:potted_crimson_roots":1,"minecraft:weathered_cut_copper_slab":2,"irons_spellbooks:armor_pile":2,"minecraft:cherry_log":687,"minecraft:red_nether_bricks":1424,"minecraft:light_blue_carpet":1,"minecraft:granite":8,"minecraft:acacia_log":30,"minecraft:horn_coral_fan":1,"minecraft:pink_stained_glass":18,"minecraft:coal_block":1,"minecraft:deepslate_bricks":3,"minecraft:purpur_slab":88,"minecraft:blue_wool":3,"minecraft:tube_coral_block":2,"minecraft:hopper":6,"minecraft:weeping_vines_plant":15,"minecraft:spawner":122,"minecraft:orange_concrete":3,"minecraft:potted_fern":1,"minecraft:tall_seagrass":6,"minecraft:polished_blackstone_bricks":95,"minecraft:magma_block":8,"minecraft:mossy_cobblestone_stairs":1,"minecraft:dark_oak_trapdoor":10,"minecraft:cobbled_deepslate":9,"minecraft:barrel":7,"minecraft:pumpkin":3,"minecraft:fletching_table":1,"minecraft:stripped_dark_oak_wood":7,"minecraft:nether_brick_stairs":4,"minecraft:smooth_red_sandstone":2,"minecraft:oak_sign":2,"minecraft:polished_deepslate_slab":1,"minecraft:dirt_path":7,"minecraft:oak_stairs":7,"minecraft:light_gray_concrete":18,"minecraft:iron_block":14,"minecraft:deepslate_brick_stairs":4,"minecraft:green_carpet":2,"minecraft:smooth_sandstone_stairs":1,"minecraft:stripped_mangrove_wood":524,"minecraft:blue_orchid":1,"minecraft:player_head":32,"minecraft:red_bed":2,"minecraft:crimson_nylium":1,"minecraft:kelp_plant":75,"minecraft:player_wall_head":8,"minecraft:soul_fire":1,"minecraft:torch":31,"minecraft:note_block":9,"minecraft:blast_furnace":5,"minecraft:melon":1,"minecraft:nether_brick_slab":14,"minecraft:glass":26,"minecraft:sugar_cane":884,"minecraft:bricks":26,"minecraft:smooth_sandstone_slab":1,"minecraft:cherry_slab":21,"minecraft:skeleton_skull":3,"minecraft:white_terracotta":16,"minecraft:chain":10,"minecraft:cyan_wool":28,"minecraft:cherry_fence":11,"minecraft:repeater":1,"sophisticatedbackpacks:diamond_backpack":1,"aquamirae:painting_tortured_soul":8,"minecraft:wheat":11,"minecraft:lilac":12,"minecraft:waxed_copper_block":6,"minecraft:birch_door":9,"minecraft:black_bed":1,"minecraft:stone_brick_stairs":7,"minecraft:potted_poppy":1,"minecraft:grass":118,"minecraft:oak_fence_gate":1,"minecraft:smooth_quartz":23,"minecraft:stripped_birch_wood":2,"twilightforest:canopy_log":41,"minecraft:yellow_stained_glass":4,"minecraft:deepslate":240,"minecraft:piston":5,"minecraft:infested_deepslate":1,"minecraft:yellow_terracotta":10,"minecraft:dark_prismarine":168,"twilightforest:firefly":1,"minecraft:mossy_cobblestone":1,"minecraft:cherry_sapling":13,"minecraft:cyan_stained_glass":2,"minecraft:potted_flowering_azalea_bush":1,"minecraft:nether_bricks":12,"minecraft:dark_oak_fence":6,"minecraft:spruce_fence":1,"minecraft:jungle_planks":54,"minecraft:magenta_concrete":13,"minecraft:redstone_wire":1,"minecraft:kelp":3,"minecraft:red_mushroom":1,"minecraft:cartography_table":11,"minecraft:black_stained_glass_pane":1,"minecraft:redstone_ore":45,"minecraft:snow":7,"minecraft:acacia_wood":1,"minecraft:pink_concrete":2,"minecraft:andesite":19,"minecraft:diamond_block":42,"twilightforest:twilight_oak_leaves":47,"minecraft:mossy_stone_brick_stairs":2,"minecraft:magenta_concrete_powder":4,"minecraft:cyan_concrete":34,"minecraft:warped_stem":22,"minecraft:smooth_quartz_stairs":9,"minecraft:bone_block":26,"minecraft:white_wool":3,"minecraft:cake":3,"minecraft:smithing_table":13,"minecraft:birch_stairs":3,"minecraft:oak_slab":5,"minecraft:mangrove_stairs":26,"minecraft:gray_concrete":2,"minecraft:soul_sand":96,"minecraft:cherry_planks":602,"minecraft:lily_of_the_valley":4,"minecraft:potted_lily_of_the_valley":3,"minecraft:brown_carpet":7,"minecraft:observer":8,"minecraft:dandelion":1,"minecraft:smooth_sandstone":44,"minecraft:emerald_ore":19,"minecraft:cyan_concrete_powder":1,"minecraft:copper_ore":11,"minecraft:crimson_slab":2,"minecraft:tall_grass":27,"minecraft:campfire":13,"minecraft:lightning_rod":22,"twilightforest:nagastone":3,"minecraft:diorite":41,"minecraft:purple_wool":2,"minecraft:red_terracotta":87,"minecraft:cut_copper_slab":1,"minecraft:spruce_log":1,"minecraft:birch_leaves":16,"minecraft:dark_prismarine_slab":38,"minecraft:dark_oak_button":1,"minecraft:sunflower":4,"minecraft:gravel":21,"minecraft:cobweb":16,"minecraft:brown_terracotta":11,"minecraft:acacia_planks":7,"minecraft:polished_blackstone":2,"minecraft:stone_bricks":44,"minecraft:chipped_anvil":1,"minecraft:infested_stone":1,"minecraft:waxed_cut_copper_slab":434,"minecraft:spruce_planks":235,"paraglider:rito_goddess_statue":1,"minecraft:orange_wool":1,"minecraft:brewing_stand":1,"minecraft:cherry_trapdoor":37,"minecraft:grass_block":2735,"minecraft:stripped_crimson_hyphae":94,"minecraft:dead_tube_coral_block":1,"minecraft:mangrove_fence":3,"minecraft:cracked_polished_blackstone_bricks":33,"minecraft:soul_soil":8,"iammusicplayer:boombox":8,"minecraft:composter":4,"aquamirae:golden_moth_in_a_jar":1,"minecraft:gilded_blackstone":1,"minecraft:glowstone":24,"minecraft:red_nether_brick_stairs":2,"minecraft:iron_ore":65,"minecraft:potted_red_mushroom":1,"minecraft:black_carpet":1,"minecraft:dark_oak_stairs":12,"minecraft:skeleton_wall_skull":2,"minecraft:flowering_azalea_leaves":1,"twilightforest:naga_wall_trophy":1,"minecraft:iron_bars":7,"minecraft:potted_cornflower":1,"minecraft:end_stone_bricks":4,"minecraft:spruce_slab":19,"minecraft:waxed_cut_copper_stairs":205,"minecraft:waxed_cut_copper":29,"minecraft:quartz_block":1,"minecraft:cyan_terracotta":10,"minecraft:blackstone":13,"minecraft:orange_terracotta":19,"minecraft:soul_lantern":15,"minecraft:chiseled_quartz_block":2,"minecraft:clay":95,"minecraft:light_gray_terracotta":19,"twilightforest:twilight_oak_log":21,"minecraft:calcite":286,"minecraft:poppy":8,"minecraft:potted_warped_roots":1,"minecraft:chest":24,"minecraft:mushroom_stem":2,"minecraft:wither_skeleton_wall_skull":1,"minecraft:cobblestone":266,"minecraft:nether_quartz_ore":297,"minecraft:grindstone":1,"aquamirae:painting_aurora":2,"minecraft:oak_planks":1028,"minecraft:wall_torch":37,"minecraft:cauldron":1,"minecraft:pink_petals":1,"minecraft:seagrass":14,"minecraft:stone_stairs":1,"minecraft:powered_rail":9,"lootr:trophy":3,"minecraft:blue_terracotta":2,"minecraft:dark_oak_slab":2,"minecraft:nether_wart_block":2,"minecraft:dark_oak_door":1,"minecraft:birch_trapdoor":17,"minecraft:birch_log":75,"minecraft:warped_planks":5,"aquamirae:wisteria_niveis":1,"minecraft:yellow_wool":1,"minecraft:blue_ice":5,"minecraft:stripped_oak_wood":1,"twilightforest:root":2,"minecraft:tnt":5,"minecraft:yellow_stained_glass_pane":1,"minecraft:oak_log":480,"minecraft:dirt":3519,"minecraft:sand":541,"minecraft:crimson_planks":2,"minecraft:horn_coral_block":2,"minecraft:oak_leaves":317,"minecraft:wither_skeleton_skull":2,"minecraft:netherrack":298,"minecraft:potted_red_tulip":2,"minecraft:polished_deepslate_wall":15,"minecraft:magenta_wool":1,"minecraft:cyan_candle":1,"minecraft:emerald_block":1,"minecraft:redstone_lamp":1,"minecraft:nether_gold_ore":7,"minecraft:tube_coral":1,"minecraft:diamond_ore":19,"minecraft:tuff":17,"minecraft:red_carpet":9,"minecraft:quartz_stairs":1,"minecraft:potted_wither_rose":2,"minecraft:deepslate_diamond_ore":2,"minecraft:stripped_mangrove_log":39,"minecraft:red_stained_glass":14,"minecraft:stripped_cherry_log":148,"iammusicplayer:cassette_deck":2,"minecraft:mangrove_wall_sign":3,"minecraft:ladder":9,"minecraft:lever":2,"minecraft:weeping_vines":13,"minecraft:brown_mushroom_block":7,"minecraft:soul_campfire":19,"minecraft:mangrove_trapdoor":1,"minecraft:spruce_leaves":11,"minecraft:acacia_slab":1,"minecraft:sandstone":5,"minecraft:hay_block":54,"minecraft:oak_trapdoor":1,"minecraft:furnace":1,"minecraft:raw_gold_block":3,"minecraft:polished_basalt":12,"minecraft:black_concrete":3,"minecraft:peony":15,"minecraft:gold_block":27,"minecraft:polished_deepslate":6,"minecraft:bookshelf":28,"minecraft:shroomlight":35,"minecraft:deepslate_iron_ore":2,"twilightforest:firefly_jar":1,"minecraft:lantern":9,"minecraft:packed_ice":92,"minecraft:stone":3034,"minecraft:cherry_stairs":56,"minecraft:pink_terracotta":1,"minecraft:acacia_leaves":7,"minecraft:flowering_azalea":1,"minecraft:snow_block":10,"minecraft:basalt":42,"minecraft:polished_granite":8,"minecraft:oak_fence":6,"minecraft:crafting_table":4,"minecraft:purple_wall_banner":1,"minecraft:rose_bush":8,"minecraft:lectern":183,"minecraft:red_nether_brick_wall":17,"minecraft:red_concrete":11,"minecraft:spruce_stairs":6,"twilightforest:moonworm":4,"minecraft:birch_planks":15,"minecraft:sea_pickle":1,"minecraft:beehive":1,"minecraft:white_wall_banner":1,"minecraft:mangrove_planks":69,"minecraft:bee_nest":1,"twilightforest:cicada_jar":1,"minecraft:mangrove_slab":48,"minecraft:coal_ore":416,"minecraft:cherry_leaves":477,"minecraft:yellow_concrete":22,"minecraft:cyan_carpet":17,"minecraft:gray_carpet":5,"minecraft:cracked_stone_bricks":5,"minecraft:terracotta":117,"minecraft:stripped_acacia_wood":5,"minecraft:polished_andesite":17,"minecraft:mossy_stone_bricks":1,"minecraft:dark_oak_planks":144,"minecraft:red_nether_brick_slab":37}},"DataVersion":3465}